LandProvince,SeaZone,x,y,
3,2503,1704.58,2337.799,
4,2504,1735.213,2319.156,
5,2504,1761.457,2313.18,
6,2504,1798.346,2300.459,
7,2502,1823.694,2271.843,
9,2502,1840.5,2265.5,
10,2502,1874.391,2247.169,
11,2502,1878.365,2239.689,
12,2505,1918,2211,
13,2505,1934.702,2196.884,
14,2503,1665.118,2375.97,
15,2503,1685,2361,
17,2546,1645.167,2399.463,
22,2546,1633,2408,
29,2529,1845.427,2399.946,
35,2529,1870,2383,
36,2529,1906.524,2377.578,
38,2530,1936,2345,
39,2530,1950.44,2333.668,
50,2530,1945.156,2358.228,
51,2505,1937.708,2183.929,
52,2522,1988,2192,
54,2522,2003.5,2235,
55,2522,2012.251,2251.25,
56,2522,2033,2248,
57,2532,2083.566,2274.724,
58,2530,1967.634,2326.819,
61,2522,1995.656,2219.15,
62,2522,2069.745,2240.557,
63,2513,2097.647,2205.544,
64,2513,2117.5,2215,
65,2533,2109.673,2252.347,
66,2531,2016.224,2309.651,
67,2531,2040.282,2294.222,
69,2531,1989.294,2318.15,
72,2501,1944.5,2021.8,
73,2514,1977,2042,
74,2510,2003.646,2077.454,
75,2505,1959.877,2094.36,
76,2505,1972.074,2110.613,
77,2505,1951.404,2160.357,
78,2511,2039,2129,
79,2511,2015.367,2172.46,
80,2501,1930.451,2035.584,
81,2501,1923.249,2023.231,
82,2518,1906.195,1976.612,
84,2518,1910.933,1922.281,
85,2519,1849.479,1936.193,
86,2519,1815.495,1944.004,
91,2520,1768.557,1972.648,
93,2520,1747.225,1981.158,
94,2517,1715.959,1997.164,
95,2521,1744.594,2025.455,
96,2506,1778.33,2039.08,
97,2506,1800.994,2022.019,
98,2506,1828.461,2026.304,
99,2500,1880.841,2040.423,
100,2506,1857.296,2028.446,
101,2516,1869.576,1914.85,
106,2528,1821,2418,
108,2528,1799.906,2449.056,
111,2528,1794.002,2467.095,
112,2546,1607.734,2429.076,
114,2546,1586.927,2452.369,
117,2527,1776,2508,
121,2527,1747.119,2531.718,
126,2546,1579.191,2457.64,
127,2546,1560.392,2438.63,
128,2547,1569,2488,
133,2509,1709.797,2556.564,
136,2547,1557,2510,
137,2547,1548.204,2543.603,
141,2548,1517,2562,
142,2508,1686.288,2589.139,
143,2507,1682.8,2660.292,
144,2508,1680.231,2619.085,
145,2508,1683.669,2625.356,
156,2588,2967.643,1995.932,
161,2588,2990.309,2012.476,
162,2587,3007.789,2028.862,
164,2587,3010.539,2039.599,
165,2587,3011.286,2069.248,
166,2587,3026.083,2070.137,
168,2587,3044.039,2072.653,
206,2732,3067.394,2551.932,
207,2731,2968.834,2459.403,
208,2732,3030.008,2528.465,
209,2731,3000.125,2498.054,
212,2731,3012.191,2511.418,
220,2595,2690.355,2074.619,
234,2731,2892.77,2440.522,
238,2731,2949.009,2443.69,
239,2731,2878.787,2434.709,
240,2623,2820.503,2404.717,
241,8019,2829.05,2432.411,
242,2623,2860.328,2395.413,
243,2623,2869.434,2395.11,
245,2623,2830.18,2355.823,
246,2623,2840.546,2384.058,
248,2623,2808.341,2351.295,
252,2618,2748.612,2335.682,
254,2618,2733.255,2331.566,
255,2618,2699.82,2337.011,
256,2618,2681.931,2329.652,
257,2618,2643.266,2284.898,
258,2619,2646.613,2258.483,
259,2617,2671.931,2245.334,
261,2618,2663.728,2309.88,
263,2608,2636.592,2024.078,
266,2589,2848.678,1994.62,
270,2621,2587.596,2275.935,
275,2594,2787.257,2061.293,
277,2620,2554.175,2171.11,
279,2617,2716.683,2199.623,
280,2592,2792.072,1904.277,
281,2617,2702.692,2253.917,
282,2617,2702.164,2216.887,
283,2617,2685.706,2214.268,
284,2617,2648.621,2204.221,
285,2617,2712.076,2185.473,
286,2617,2669.321,2141.494,
287,2617,2733.71,2157.993,
288,2595,2710.888,2132.92,
289,2617,2678.381,2164.453,
290,2595,2752.878,2117.739,
291,2595,2730.131,2124.674,
297,2619,2620.079,2289.915,
310,2594,2732.932,2041.988,
330,2680,3294.007,2019.047,
331,2679,3276.32,1975.093,
332,2679,3263.271,1947.242,
333,2680,3195.786,1955.012,
334,2677,3178.761,1911.293,
335,2680,3226.745,1979.999,
338,2677,3233.035,1920.434,
341,8019,2787.68,2434.859,
342,2736,2749.559,2449.86,
343,2736,2734.356,2469.979,
344,2598,2719.699,1865.143,
345,2623,2772.609,2403.73,
346,2623,2751.276,2396.849,
347,2618,2717.124,2377.781,
349,8020,2646.013,2307.479,
350,8020,2674.581,2348.523,
351,2599,2609.251,1867.139,
354,8020,2639.268,2338.086,
355,2597,2691.204,1840.418,
356,2616,2522.748,2334.591,
357,2616,2611.46,2356.112,
358,2598,2641,1864.802,
359,2598,2660.625,1866.229,
361,2601,2628.717,1824.256,
362,2616,2553.878,2360.336,
363,2616,2518.602,2350.891,
365,2616,2482.57,2327.756,
366,2616,2469.08,2324.081,
367,2599,2561.354,1869.926,
368,2599,2536.252,1864.596,
370,2600,2561.595,1840.405,
372,2601,2617.688,1835.885,
373,6418,2416.902,2303.92,
375,2608,2671.791,1997.259,
376,6418,2443,2277,
377,2616,2480.014,2304.619,
378,2615,2479.023,2270.389,
379,7709,2384.694,2331.358,
380,6418,2399.795,2258.314,
387,2608,2621.062,1984.556,
391,7906,2435.77,2192.532,
392,6418,2425.287,2228.071,
398,7906,2428.785,2184.678,
399,7907,2417.407,2152.259,
402,7907,2452.823,2140.594,
403,7906,2451.72,2167.605,
406,7907,2481.228,2126.028,
407,2605,2501.132,2118.993,
409,2605,2555.372,2089.834,
410,2614,2528.283,2141.331,
413,2605,2516.751,2112.183,
415,2534,2174.182,2341.572,
416,2604,2504.728,2074.821,
417,2604,2479,2076,
418,2604,2459.243,2067.122,
419,2613,2243.332,2186.885,
420,6436,2489.561,2186.641,
421,2613,2225.646,2215.858,
422,2534,2172.875,2296.878,
424,7748,2427.019,2104.568,
428,6418,2403.244,2294.299,
429,5865,2477.518,1961.826,
430,4724,2444,1965,
431,4723,2396.875,1978.878,
432,2611,2377.229,1962.971,
433,2611,2369.722,2010.182,
434,7747,2362.072,2084.773,
437,2607,2571.576,2013.038,
440,2603,2444.192,2036.342,
441,2604,2474.162,2047.084,
442,2604,2488.025,2058.514,
443,7749,2558.61,2038.95,
444,7748,2395.69,2090.061,
445,2577,3014.593,1523.546,
446,2611,2333.662,2043.628,
447,2609,2601.853,2042.354,
450,7750,2470.469,1988.368,
451,2604,2499.603,2035.53,
452,2609,2611.542,2057.166,
453,2578,3043.985,1541.493,
454,2602,2651.598,1954.13,
457,7747,2356,2095,
458,7748,2404.862,2100.845,
459,2612,2288.65,2111.777,
460,2611,2313.313,2033.605,
461,2612,2277.354,2086.819,
463,2613,2286.322,2134.428,
464,2613,2289.609,2148.836,
465,2613,2313,2150,
467,2533,2183.158,2257.394,
468,7748,2453.213,2093.944,
470,2613,2224.931,2192.806,
471,5865,2484.949,1918.669,
472,7749,2549.343,2051.287,
473,4723,2416.691,1968.446,
480,2736,2706.178,2541.823,
481,2736,2695.175,2526.785,
482,2736,2706.886,2514.133,
505,7684,3289.003,1494.77,
507,7667,3203.465,1516.583,
508,2579,3226.768,1591.817,
509,2580,3275.377,1605.977,
510,2579,3237.072,1588.64,
516,2578,3060.238,1559.429,
517,7682,3119.188,1563.855,
519,7681,3147.815,1547.131,
521,7677,3168.152,1580.899,
522,7679,3186.844,1607.72,
523,2579,3148.004,1619.962,
529,2578,3079.916,1578.22,
530,2578,3090.601,1582.2,
533,2579,3130.873,1599.623,
535,2580,3320.806,1621.841,
536,7687,3186.183,1481.822,
580,1473,3549,1172,
583,1478,3671.603,1023.695,
585,1476,3652.634,1065.959,
587,1476,3607.198,1105.177,
647,1473,3476.063,1245.842,
649,652,3458.349,1279.606,
650,652,3426.14,1312.431,
656,2580,3360.46,1626.612,
657,2580,3376.805,1637.526,
658,2580,3386.083,1648.148,
659,2580,3393.301,1660.547,
660,2580,3398.881,1674.036,
661,2581,3404.754,1693.572,
662,2581,3406.663,1707.548,
663,2581,3408.318,1722.924,
664,2581,3408.882,1731.957,
665,2581,3408.385,1749.151,
666,2581,3405.948,1784.431,
667,2581,3407.69,1759.355,
668,2581,3407.06,1770.723,
670,2582,3411.225,1801.297,
704,7745,3481.943,1499.901,
724,7745,3488.921,1460.266,
725,7746,3493.873,1394.913,
743,2582,3412.927,1835.692,
744,2582,3410.472,1821.509,
746,2582,3414.014,1853.392,
747,2582,3416.528,1865.506,
748,2582,3419.78,1896.421,
766,2582,3423.943,1912.829,
767,2583,3420.536,1931.863,
769,2583,3429.99,1950.181,
771,2583,3436.058,1958.531,
779,2583,3416.166,1984.412,
780,2583,3414.739,2004.764,
785,2583,3412.146,2022.714,
786,2583,3402.152,2036.775,
788,2584,3394.577,2062.114,
789,2584,3397.257,2086.166,
795,2584,3392.103,2132.928,
796,2584,3391.171,2157.902,
912,7716,4093.58,2034.553,
918,7721,4073.772,1987.986,
940,7722,4372.983,1938.102,
942,2816,4405.29,1897.183,
944,2815,4462.52,1823.853,
963,2815,4481.301,1835.193,
964,2815,4447.9,1836.914,
965,2816,4445.023,1873.29,
969,2816,4469.822,1932.275,
971,2816,4446.61,1921.928,
1000,2552,1090.855,2389.855,
1001,2552,1090.59,2425.348,
1003,2552,1075.014,2368.294,
1004,2553,1034.633,2348.37,
1006,2553,1014.766,2332.194,
1009,2523,952.4,2318.89,
1012,8037,906.044,2296.579,
1017,4743,779.143,2543.698,
1029,2524,845.791,2204.2,
1030,2524,834.725,2181.776,
1031,2525,862.013,2114.495,
1032,2524,838.022,2157.311,
1033,2525,814.991,2086.427,
1034,2525,801.465,2069.928,
1035,2525,792.41,2050.315,
1036,2525,783.065,2032.481,
1037,2525,838.803,2100.089,
1051,4733,293.824,2441.004,
1053,2523,972.1,2323.877,
1063,2523,933.528,2312.954,
1083,4743,745.282,2541.833,
1099,4743,728.239,2551.05,
1106,4742,694.229,2553.428,
1107,4742,656.253,2569.541,
1108,4742,610.23,2568.351,
1114,4741,550.125,2590.782,
1115,4741,572.422,2580.732,
1118,4741,511.716,2602.992,
1124,4741,474.892,2605.799,
1130,4738,352.053,2613.221,
1131,4738,360.438,2616.581,
1132,4740,397.148,2635.876,
1133,4740,424.431,2626.783,
1134,4740,432.505,2615.458,
1136,4738,331.372,2610.339,
1137,4738,295.046,2580.586,
1138,4733,299.243,2554.938,
1149,4733,305.929,2533.515,
1150,4733,298.908,2499.586,
1151,4733,295.444,2464.757,
1235,2524,861.542,2224.316,
1239,2523,897.535,2267.184,
1240,2524,875.843,2243.447,
1273,2554,743.41,2021.966,
1274,2554,716.938,2003.656,
1276,2554,702.779,1980.437,
1278,2555,667.312,1967.798,
1282,2555,655.819,1968.88,
1283,2555,617.464,1966.74,
1289,4733,295.258,2424.007,
1291,4731,290.22,2394.447,
1293,4731,268.596,2347.076,
1294,4731,262.596,2327.532,
1297,4731,248.572,2305.028,
1316,4727,227.254,2277.602,
1318,4727,217.163,2198.574,
1319,4727,204.432,2214.422,
1321,4726,237.363,2184.627,
1322,4726,239.666,2171.942,
1324,4726,232.049,2151.986,
1330,4726,229.987,2126.547,
1333,4591,227,2077,
1334,4591,268.623,2051.511,
1335,2780,307.407,2054.191,
1336,4592,225.345,2105.107,
1339,2780,337.737,2053.505,
1340,2780,365.675,2034.991,
1341,7665,389,2027,
1342,2780,377.397,1998.206,
1344,2780,384.895,1978.475,
1345,2730,404.795,1949.075,
1347,2730,416.206,1937.351,
1348,2730,453.809,1950.672,
1350,2556,476.543,1963.502,
1361,2556,507.544,1968.13,
1362,2556,520.166,1977.915,
1366,2556,545.403,1977.515,
1367,2555,574.596,1973.084,
1453,2623,2808.936,2403.251,
1464,2723,950.668,2121.958,
1465,2718,1037.521,2174.005,
1466,2718,1054.107,2155.061,
1467,2719,1073.315,2194.133,
1468,2720,1082.397,2164.246,
1469,2719,1133.037,2214.41,
1470,2625,1682.605,1908.047,
1471,2630,1860.071,1832.153,
1472,2500,1891.182,2067.16,
1600,7744,3345.056,1436.76,
1604,7743,3307.008,1482.158,
1653,2594,2744.226,2027.964,
1675,7744,3364.245,1417.224,
1682,652,3412.706,1367.667,
1688,7745,3477.806,1464.362,
1708,7746,3477.707,1405.925,
1720,2735,3609.709,2717.755,
1723,2735,3620.931,2701.803,
1724,2735,3623.002,2691.591,
1725,2735,3616.954,2672.908,
1726,2735,3612.764,2655.615,
1727,2735,3602.851,2642.802,
1729,2734,3578.749,2616.701,
1730,2734,3568.181,2605.757,
1731,2734,3553.353,2593.663,
1732,2734,3538.37,2588.454,
1734,2734,3520.521,2586.46,
1737,2735,3584.503,2752.482,
1738,2735,3563.335,2767.348,
1741,2744,3542.238,2778.561,
1742,2744,3518.931,2779.942,
1743,2744,3486.07,2786.808,
1745,2744,3452.665,2799.65,
1774,2616,2589.128,2322.446,
1793,2733,3371.141,2546.844,
1795,2733,3393.99,2551.529,
1797,2734,3473.57,2576.537,
1798,2734,3438.436,2554.337,
1806,2733,3331.423,2558.979,
1807,2733,3289.205,2548.913,
1809,2733,3270.073,2567.466,
1810,2733,3225.491,2562.473,
1812,2733,3194.058,2582.683,
1814,2732,3157.679,2573.601,
1815,2732,3120.094,2566.571,
1816,2732,3094.546,2562.49,
1830,2591,2839.763,1961.477,
1835,2608,2632.84,2049.11,
1876,2589,2844.545,2028.541,
1879,2584,3372.316,2150.15,
1880,8029,3349.283,2171.228,
1881,8028,3338.085,2145.687,
1883,8051,3307.711,2145.3,
1884,2590,2816.948,2011.538,
1887,2585,3288.205,2125.595,
1889,2584,3344.913,2120.393,
1890,2585,3247.678,2070.769,
1892,2585,3268.74,2101.103,
1897,2586,3222.944,2050.18,
1901,2586,3182.645,2032.725,
1903,6437,2587.637,2089.373,
1904,2586,3141.158,2036.487,
1905,2587,3099.477,2061.885,
1906,2587,3122.722,2052.385,
1910,2587,3063.178,2070.342,
1911,2587,3032.363,2072.37,
1915,2608,2625.812,2025.434,
1964,2607,2576.619,1983.074,
1970,2590,2771.838,2018.87,
1972,2594,2766.97,2088.362,
1973,2594,2761.645,2080.269,
1974,2595,2735.017,2090.965,
1981,2590,2779.987,2036.926,
1985,2590,2834.6,2045.644,
1987,2590,2784.979,2007.077,
1989,2589,2865.965,2033.014,
1992,2589,2900.476,2029.503,
1995,2588,2920.228,1999.024,
1996,2593,2715.651,1984.796,
1998,2588,2928.664,1994.9,
2000,5699,676.411,3171.531,
2001,5699,717.897,3175.572,
2002,5715,689.625,3212.394,
2003,5700,758,3188,
2004,5718,718.956,3238.694,
2005,5717,747.109,3253.652,
2006,5706,786.206,3198.127,
2007,5706,819.179,3186.972,
2008,5717,784.813,3245.56,
2009,5717,795.35,3255.631,
2010,5705,862.121,3190.699,
2013,5705,904.358,3189.546,
2014,5705,887.679,3174.807,
2017,5705,914.164,3185.955,
2019,5708,943.507,3189.803,
2020,5708,993.423,3187.307,
2021,5710,1040.886,3218.139,
2022,8035,976.748,3257.142,
2023,5778,1006.329,3240.904,
2024,5717,814.263,3269.211,
2028,5778,1017.92,3255.975,
2029,5778,1046.441,3283.314,
2031,5776,1004.692,3373.788,
2033,5777,1070.948,3340.699,
2036,5777,1062.695,3305.5,
2037,5776,989.719,3366.793,
2039,5717,853,3289,
2040,5717,804.905,3272.041,
2047,5733,815.986,3438.476,
2057,5776,993.665,3386.271,
2063,5776,984.923,3375.528,
2071,5733,818.582,3453.753,
2073,5736,826.995,3480.537,
2075,8036,958.388,3448.369,
2076,5775,989.696,3437.179,
2079,5774,958.275,3519.512,
2080,5736,838.724,3500.584,
2081,5736,829.322,3504.37,
2082,5737,804.533,3530.829,
2083,5737,819.212,3566.743,
2085,5774,934.002,3539.427,
2087,5774,926.531,3560.281,
2089,5773,921.108,3582.719,
2090,5773,914.326,3625.552,
2091,5737,820.247,3578.514,
2092,5717,796.099,3268.926,
2093,5717,764.228,3266.015,
2094,5717,749.232,3284.836,
2095,5718,724.318,3298.949,
2096,5731,739.24,3347.044,
2099,5719,684.177,3314.514,
2103,5731,750.966,3366.543,
2104,5731,748.544,3401.173,
2105,5732,734.651,3442.563,
2106,5733,799.567,3436.522,
2108,5735,740,3507,
2109,5739,731.779,3595.822,
2110,5737,790.404,3566.079,
2111,5772,886.573,3657.746,
2112,5739,762.982,3637.024,
2114,5772,846.671,3664.037,
2115,5772,859.764,3681.169,
2116,5771,916.399,3761.35,
2117,5739,748.072,3657.253,
2118,5758,721.989,3759.251,
2119,5765,740.824,3825.341,
2120,5768,817.832,3808.974,
2121,5765,770.17,3869.61,
2122,5767,819.666,3900.924,
2123,5768,847.113,3817.202,
2124,5739,755.398,3649.587,
2125,5770,915.396,3809.213,
2126,5739,721.861,3641.276,
2127,5757,699.274,3714.38,
2128,5759,707.078,3827.136,
2129,5759,706.925,3860.272,
2130,5759,670.613,3824.693,
2131,5768,852.809,3856.067,
2132,5767,890.26,3922.367,
2133,5772,878.358,3706.749,
2134,5711,858.495,3096.251,
2135,5694,843.957,3063.384,
2136,5697,888.912,3070.332,
2137,5694,847.172,3049.505,
2138,5697,913.877,3062.993,
2140,5693,845.945,3019.553,
2141,5693,808.652,3009.485,
2145,5693,839.559,3006.629,
2148,5672,758.176,2913.386,
2151,5686,656.348,3004.306,
2152,5686,678.602,2985.368,
2153,5672,780.565,2891.487,
2154,5672,731.203,2934.5,
2155,5673,687.193,2956.531,
2157,5693,781.193,3006.929,
2158,5693,747.071,3039.272,
2160,5686,708.453,3031.765,
2161,5725,419.608,3347.773,
2162,5723,516.102,3342.25,
2165,5729,648.644,3411.327,
2166,5726,496.531,3474.672,
2169,5726,488.123,3480.329,
2171,5742,548.635,3577.955,
2173,5739,698.348,3575.743,
2174,5744,647.578,3626.269,
2175,5742,563.131,3590.375,
2176,5725,413.694,3362.302,
2177,5723,467.967,3331.604,
2178,5720,558.492,3360.976,
2179,5727,432.963,3404.329,
2180,5727,449.129,3423.308,
2183,5726,467.792,3449.447,
2184,5726,502,3479.396,
2186,5720,585.46,3360.375,
2188,5721,624.997,3368.579,
2189,5721,640.412,3398.009,
2190,5734,657.861,3482.104,
2193,5734,655.42,3513.082,
2195,5734,676.846,3519.918,
2197,5728,468.484,3559.721,
2199,5742,514.737,3567.275,
2200,5728,461.362,3523.44,
2203,5744,606.553,3642.328,
2204,5743,567.67,3631.259,
2207,5739,689.968,3617.178,
2208,5738,706.187,3541.465,
2210,5672,798.141,2865.121,
2212,7864,819.694,2886.031,
2218,5697,928.913,3057.089,
2223,5697,946.64,3060.403,
2224,5671,802.913,2831.781,
2225,5671,824.146,2806.744,
2226,5671,843.906,2779.243,
2229,5670,834.347,2749.038,
2233,5670,834.458,2714.098,
2235,5670,824.292,2664.593,
2236,7766,864.473,2650.943,
2237,4743,815.872,2615.874,
2238,4743,805.531,2586.312,
2239,4743,798.18,2564.12,
2240,4743,789.639,2550.016,
2256,2551,1089.232,2482.944,
2257,2552,1083.906,2452.701,
2259,2551,1105.89,2500.373,
2260,2551,1126.271,2509.185,
2313,2551,1150.535,2522.305,
2318,2551,1179.267,2512.652,
2319,7846,1198.047,2545.352,
2323,2551,1209.307,2507.444,
2325,2550,1246.316,2485.807,
2336,2535,2177.837,2385.333,
2468,5697,950.118,3073.522,
2470,5698,989.184,3101.065,
2471,5698,1011.188,3105.395,
3026,5698,1045.101,3161.657,
3028,5779,1103.065,3201.596,
3029,5710,1070.91,3195.618,
3033,5698,1026.393,3112.368,
3036,5698,1042.013,3146.652,
3057,5775,985.612,3429.704,
3061,2730,425.055,1917.79,
3062,4589,377.848,1876.217,
3063,4589,341.396,1815.051,
3064,2730,388.554,1895.002,
3065,4589,366.293,1855.194,
3066,4589,354.035,1834.276,
3068,4590,313.388,1778.676,
3080,2558,615.199,1828.602,
3083,2558,662.665,1815.586,
3085,2730,443.471,1902.1,
3086,2558,697.285,1818.863,
3090,2558,725.01,1831.302,
3091,2558,730.621,1843.332,
3092,2559,776.333,1857.657,
3095,2559,812.194,1860.833,
3101,2559,833.139,1879.522,
3106,2560,889.613,1905.231,
3108,2560,920.577,1914.415,
3109,2559,860.881,1894.457,
3111,2560,964.75,1916.094,
3113,2560,984.69,1917.655,
3116,2560,1007.904,1913.883,
3118,2561,1050.973,1925.452,
3120,2561,1081.106,1926.26,
3121,2561,1101.441,1934.512,
3122,2561,1123.946,1933.161,
3123,2561,1156.723,1930.447,
3126,2562,1188.727,1920.401,
3144,2562,1211.482,1906.274,
3145,2562,1231.3,1917.069,
3150,2562,1253.495,1920.29,
3160,2562,1270.215,1926.721,
3161,2562,1302.973,1931.352,
3225,2563,1385.372,1922.549,
3226,2562,1342.937,1928.099,
3227,2562,1325.474,1921.986,
3229,2563,1434.751,1922.221,
3230,2563,1458.609,1927.865,
3243,2566,1579.913,1853.111,
3244,2566,1586.559,1871.997,
3245,2565,1606,1887,
3252,2564,1579.578,1907.47,
3253,2564,1571.418,1904.864,
3254,2565,1619.703,1909.008,
3255,2564,1602.311,1926.118,
3256,2564,1569.214,1916.102,
3257,2564,1559.868,1937.332,
3258,2564,1537.571,1953.051,
3262,2563,1490.828,1950.343,
3275,2566,1585.851,1837.336,
3276,2566,1597.808,1820.089,
3277,2566,1612.516,1812.393,
3278,2566,1622,1788,
3280,2567,1623.016,1760.536,
3283,2567,1612.089,1734.84,
3284,2567,1642.515,1730.922,
3285,2568,1583.326,1705.184,
3287,2567,1599.895,1718.678,
3288,2568,1564.881,1690.837,
3289,2568,1550.812,1676.036,
3291,2568,1561.238,1646.96,
3293,2568,1589.772,1632.849,
3294,2568,1600.421,1645.215,
3295,2568,1627.2,1627.421,
3296,2569,1635.126,1605.508,
3297,2569,1643.161,1592.929,
3298,2569,1672.105,1583.198,
3299,2569,1687.217,1580.498,
3300,2569,1722.809,1560.415,
3301,2569,1740.288,1558.099,
3302,2569,1765.962,1560.775,
3303,2570,1800.89,1568.889,
3304,2570,1820.587,1560.279,
3305,2570,1858.31,1555.489,
3306,2570,1879.985,1543.067,
3324,2570,1906.019,1532.885,
3325,2570,1944.523,1526.011,
3326,2571,1959.675,1484.419,
3327,2571,1972.643,1459.175,
3329,2571,1990.973,1442.175,
3330,2571,2010.285,1434.574,
3332,2571,2031.107,1431.197,
3333,2571,2060,1432.5,
3334,2572,2102.626,1426.115,
3335,2572,2135.159,1416.293,
3336,2572,2158.789,1407.178,
3337,2572,2209.897,1382.123,
3338,2572,2235,1367,
3339,2572,2266.626,1364.613,
3340,2572,2291.171,1378.383,
3341,2573,2313.524,1404.288,
3342,2573,2323.828,1425.681,
3344,2573,2326.433,1449.329,
3346,2573,2309.448,1479.695,
3348,2573,2302.846,1510.188,
3350,2573,2314.151,1540.926,
3352,2574,2335.406,1565.96,
3353,2574,2363.534,1587.42,
3354,2574,2386.251,1600.114,
3358,2574,2411.237,1609.446,
3360,2575,2436.579,1617.745,
3361,2575,2466.872,1618.12,
3363,2575,2494.861,1613.726,
3365,2575,2521.171,1607.54,
3366,2575,2541.381,1585.235,
3367,2575,2547.983,1574.062,
3368,2575,2562.711,1568.704,
3369,2575,2593.3,1570.292,
3370,2576,2620.293,1561.401,
3371,2576,2639.468,1563.347,
3372,2576,2693,1553,
3373,2576,2707.338,1532.097,
3374,2576,2729.693,1537.322,
3375,2576,2758.647,1548.532,
3376,2576,2795.913,1544.221,
3377,2577,2845.63,1544.253,
3378,2577,2873.27,1541.821,
3379,2577,2897.565,1531.656,
3380,2577,2919.891,1528.798,
3476,2577,2943.027,1531.265,
3477,2577,2971.554,1532.121,
3478,2577,2985.628,1529.847,
3481,2688,1439,2111,
3483,2688,1453.193,2097.927,
3484,2689,1479.755,2123.084,
3485,2690,1430.717,2152.791,
3486,2689,1513.412,2124.46,
3487,2689,1518.308,2157.544,
3488,2689,1521.524,2186.471,
3489,2689,1521.273,2225.292,
3492,2690,1439.252,2177.126,
3493,2690,1438.512,2185.499,
3494,2690,1435,2217,
3497,2690,1426.358,2242.529,
3499,2690,1415.728,2256.19,
3500,2692,1433.725,2272.496,
3503,2691,1524.738,2254.121,
3504,2691,1513.5,2280,
3505,2692,1459.641,2282.219,
3506,2691,1491.589,2307.67,
3507,2691,1497.396,2334.32,
3508,2692,1471,2327,
3509,2692,1455.458,2361.024,
3510,2692,1452.198,2379.975,
3511,2694,1447.402,2412.485,
3512,2694,1471.54,2432.604,
3513,2694,1493.065,2455.423,
3514,2693,1509.844,2407.862,
3515,2691,1504,2374,
3517,2550,1276.307,2474.367,
3540,2550,1315.449,2481.061,
3541,2549,1328.757,2500.55,
3543,2549,1353.356,2520.507,
3544,2549,1374.355,2530.524,
3545,2549,1395.346,2535.874,
3546,2548,1421,2553,
3547,2548,1438.606,2574.261,
3549,2548,1458,2588.5,
3552,2548,1495.484,2576.737,
3582,8034,1539.727,2652.242,
3593,8030,1667.6,2649.465,
3594,2507,1678.936,2676.699,
3598,2507,1690.475,2681.528,
3601,2507,1711.694,2692.532,
3602,2507,1735.526,2711.371,
3606,2507,1752.098,2706.35,
3607,2507,1765.93,2709.079,
3675,5779,1131.205,3214.3,
3701,7731,1426.975,3084.116,
3714,7726,1320.479,3241.541,
3832,5784,1317.506,3402.424,
3833,5784,1354.644,3395.288,
3836,5785,1400.446,3424.077,
3837,5785,1433.32,3438.953,
3839,5785,1424.488,3417.646,
3843,5779,1156.603,3236.481,
3844,5780,1178.406,3256.604,
3845,5780,1190.575,3270.019,
3846,5780,1216.34,3300.006,
3847,5781,1229.905,3358.431,
3848,5782,1269.822,3298.449,
3850,5782,1275.003,3300.264,
3851,5782,1289.065,3315.044,
3852,5784,1290.261,3400.667,
3854,5782,1298.989,3329.437,
3855,5785,1450.797,3445.051,
3856,5785,1445.079,3471.02,
3858,5843,1572.816,3443.276,
3859,5843,1583.849,3470.734,
3860,5842,1546.76,3480.839,
3861,5840,1528.781,3487.175,
3862,5840,1525.108,3508.662,
3863,5786,1436.609,3509.385,
3864,5786,1432.461,3523.101,
3865,5840,1517.505,3536.213,
3866,5787,1425.072,3604.769,
3867,5787,1422.013,3632.153,
3868,5840,1507.948,3548.492,
3869,5839,1511.322,3588.797,
3870,5839,1527.754,3603.363,
3871,5837,1543.736,3635.088,
3873,5837,1536.483,3636.452,
3874,5787,1422.282,3668.415,
3875,5788,1437.146,3708.762,
3877,5834,1540.152,3683.934,
3879,5833,1550.262,3750.718,
3880,5827,1502.839,3740.823,
3881,5839,1566.784,3548.305,
3882,5839,1532.539,3586.888,
3883,5839,1564.516,3567.118,
3884,5843,1611.621,3502.04,
3885,5841,1604.396,3548.868,
3886,5837,1588.234,3599.308,
3887,5838,1643.228,3581.733,
3891,5843,1585.502,3445.889,
3896,5843,1621.16,3458.804,
3897,5843,1641.63,3465.595,
3898,5844,1711.055,3460.977,
3899,5844,1708.54,3500.284,
3903,5846,1745.937,3451.466,
3904,5846,1756.848,3444.369,
4018,2507,1767.211,2696.428,
4019,2515,1761.391,2664.508,
4020,2515,1776,2635,
4021,2512,1801.916,2654.584,
4023,2512,1810.114,2676.711,
4032,2512,1826.636,2648.632,
4033,2512,1847.253,2645.859,
4034,2512,1812.943,2645.339,
4035,2512,1848.284,2619.732,
4049,2512,1875,2604,
4052,2526,1852.195,2599.872,
4053,2526,1865.713,2579.555,
4054,2526,1870.669,2572.559,
4055,2512,1904,2580,
4056,2538,1895.076,2546.713,
4058,2538,1918.861,2530.097,
4060,2537,1938.918,2517.901,
4062,2537,1958.767,2520.441,
4081,2537,1995.264,2502.822,
4082,2537,2019.004,2486.147,
4084,2537,1962.043,2496.48,
4085,2536,2067,2454,
4088,2536,2087.03,2441.042,
4090,2535,2134,2414,
4091,2535,2119.585,2422.56,
4247,2737,2707.186,2571.317,
4248,2737,2706.721,2587.231,
4249,2737,2717.418,2607.362,
4250,2737,2732.28,2608.887,
4254,2737,2736.454,2655.885,
4255,2738,2732.447,2686.336,
4349,9205,6009,2738,
4352,7699,5967.18,2476.962,
4371,7692,6015.2,2645.109,
4440,7708,7112.121,3113.71,
4447,7705,7304.945,3205.252,
4513,2738,2735.329,2716.167,
4516,2738,2735.505,2732.904,
4519,2738,2733.102,2753.02,
4520,2738,2708.552,2771.879,
4521,2738,2726.7,2781.953,
4522,2739,2753.437,2806.955,
4523,2739,2782.481,2834.188,
4524,2739,2791.34,2845.474,
4525,2739,2805.492,2865.814,
4526,2739,2813.401,2882.305,
4527,2740,2829.277,2920.382,
4528,2740,2844.728,2926.33,
4529,2740,2882.531,2937.642,
4530,2740,2914.047,2932.156,
4531,2740,2893.776,2919.422,
4532,2741,2950.455,2904.37,
4533,2741,2998.576,2912.581,
4534,2741,2968.355,2867.924,
4535,2741,3005.698,2898.014,
4536,2742,3008.347,2834.37,
4537,2742,3025.032,2817.601,
4538,2742,3028.882,2791.972,
4539,2743,3069.917,2778.308,
4540,2743,3080.19,2791.55,
4541,2743,3096.06,2818.065,
4543,2743,3114.922,2827.226,
4544,2747,3136.389,2856.201,
4545,2752,3068.312,2918.126,
4546,2752,3090.948,2899.365,
4549,2748,3198.514,2897.668,
4550,2748,3197.265,2871.378,
4552,2752,3076.196,2944.348,
4553,2751,3105.705,2972.621,
4554,2751,3170.983,3022.873,
4555,2750,3245.772,3072.911,
4556,2750,3294.465,3103.728,
4557,8042,3320.887,3109.682,
4558,2750,3292.674,3072.788,
4559,2750,3274.247,3043.838,
4560,2749,3276.844,2996.328,
4561,2749,3259.295,2949.388,
4562,2748,3220.972,2881.92,
4563,2748,3225.489,2901.072,
4565,2746,3263.676,2861.37,
4566,2746,3298.637,2862.633,
4567,2745,3344.858,2846.638,
4568,2745,3397.432,2829.051,
4602,653,3538.715,1384.183,
4603,1474,3597.332,1333.04,
4606,1474,3646.226,1289.357,
4608,1477,3697.725,1243.416,
4610,1477,3719.921,1220.044,
4620,1477,3778.617,1169.381,
4621,1477,3761.455,1190.258,
4625,1479,3831.601,1118.003,
4626,1479,3871.995,1106.866,
4627,1479,3927.155,1074.957,
4628,1479,3953.398,1042.307,
4629,1479,3991.143,1002.266,
4630,1481,4058.341,874.474,
4631,1481,4012.204,937.878,
4632,1481,4117.024,837.761,
4633,1483,4179.161,827.602,
4634,1483,4246.489,779.846,
4635,1483,4288.76,733.071,
4636,1484,4349.842,687.872,
4637,1498,4400,602,
4638,1484,4410.695,665.733,
4639,1484,4461.522,621.863,
4640,1486,4488.022,585.329,
4641,1486,4510.677,518.957,
4642,1488,4562.251,445.132,
4643,1488,4578.39,422.542,
4644,1488,4610.158,391.153,
4645,1489,4635.406,341.795,
4646,1489,4684.421,319.312,
4650,2784,4794.85,365.942,
4651,2784,4734.328,330.128,
4654,2784,4825.814,424.079,
4655,2786,4901.792,471.454,
4657,2786,4963.108,516.578,
4658,2786,4992.802,558.64,
4675,2788,5078.975,650.352,
4685,2786,5053.089,592.905,
4703,2788,5172.661,738.833,
4704,2795,5262.189,821.134,
4705,2795,5275.055,881.236,
4706,2795,5285.232,931.108,
4707,2798,5403.512,1046.24,
4708,2798,5371.537,1015.626,
4709,2799,5459.455,1120.678,
4750,5851,1982.118,3520.243,
4751,5846,1819.56,3467.078,
4752,5846,1766.657,3443.09,
4755,5851,1994.757,3501.086,
4756,5846,1859.48,3482.756,
4779,2816,4538.171,1929.055,
4780,2816,4576.02,1952.421,
4784,2816,4627.869,1917.646,
4787,2818,4663.002,1883.96,
4788,2818,4737.055,1832.843,
4789,2818,4775.793,1813.031,
4790,2819,4837.383,1822.686,
4791,2808,5161.124,1931.97,
4862,5851,2015.228,3498.133,
4864,5851,2042.748,3508.072,
4865,5852,2079.89,3557.761,
4955,2809,5116.554,1861.644,
4956,2819,4958.137,1795.453,
4957,2809,5071.694,1835.158,
4962,2819,4907.265,1802.641,
5431,5694,826.942,3059.647,
6000,5838,1682.049,3568.16,
6001,5845,1731.148,3572.521,
6002,5847,1749.298,3615.83,
6003,5835,1672.199,3665.73,
6004,5845,1772.609,3549.639,
6005,5847,1778.26,3640.208,
6006,5848,1840.639,3661.678,
6007,5848,1859.248,3721.718,
6008,5856,1864.48,3781.836,
6009,5848,1868.709,3681.433,
6010,5857,1959.072,3742.758,
6011,5835,1651.201,3697.967,
6012,5833,1602.377,3782.187,
6019,5858,1869.909,3843.055,
6025,5833,1586.259,3827.535,
6026,5858,1877.074,3868.768,
6029,5858,1897.625,3885.999,
6030,5858,1929.891,3896.359,
6032,5859,1965.143,3970.796,
6034,5831,1566.877,3889.476,
6035,5831,1558.324,3902.711,
6037,5831,1545.866,3933.424,
6038,5831,1529.27,3888.847,
6039,5831,1497.313,3872.727,
6040,5829,1443.839,3819.105,
6041,5823,1380.121,3801.442,
6042,5820,1298.883,3862.346,
6043,5820,1305.596,3916.24,
6301,4614,177.336,1729.082,
6311,5757,725.441,3711.081,
6399,6418,2399.49,2284.466,
6431,2678,3172.09,1940.684,
6475,4590,267.088,1754.571,
6478,6506,139.528,1700.006,
6490,6506,113.156,1682.221,
6491,4614,199.263,1737.162,
6512,2808,5221.106,1901.851,
6514,2804,5292.999,1860.374,
6515,2805,5359.789,1879.778,
6516,2805,5436.301,1907.536,
6517,2805,5509.968,1946.515,
6520,2807,5597.667,1970.424,
6521,2807,5643.288,1998.9,
6522,2849,5726.051,2063.86,
6523,2849,5769.984,2087.085,
6524,2849,5809.403,2110.931,
6525,2851,5879.246,2163.865,
6526,2851,5924.9,2191.327,
6527,2851,5950.201,2184.783,
6813,2857,6259.038,2083.071,
6815,7695,6043.128,2278.101,
6816,2861,6432.393,2036.643,
6817,2861,6481.451,2073.792,
6821,2854,6075.5,2203.361,
6823,2859,6355.803,2043.992,
6824,2860,6506.136,2119.512,
6825,2855,6280.812,2259.966,
6828,2856,6288.304,2123.426,
6829,2856,6311.87,2164.494,
6830,2860,6483.228,2234.648,
6831,2860,6496.3,2187.962,
6833,2857,6216.73,2121.536,
6835,2856,6373.193,2270.284,
6836,2860,6481.81,2216.307,
6840,2857,6177.735,2122.721,
6841,2856,6288.815,2189.016,
6842,2856,6278.752,2155.54,
6844,2854,6182.121,2184.459,
6845,2855,6238.738,2215.49,
6847,2856,6346.976,2237.481,
6848,2854,6095.319,2208.663,
6849,2851,6033.898,2189.413,
6850,2854,6159.546,2247.824,
6851,2855,6239.398,2289.26,
6852,2854,6152.005,2257.457,
6853,2855,6276.771,2312.789,
6856,2856,6326.774,2283.42,
6857,2855,6292.461,2339.508,
6858,2860,6510.414,2214.715,
6859,2860,6538.786,2178.555,
6861,2860,6574.958,2151.76,
6862,2860,6588.804,2142.53,
6864,2860,6602.95,2117.224,
6866,2862,6618.955,2072.577,
6868,2862,6641.091,2052.457,
6871,2862,6671.01,2023.602,
6873,2862,6716.227,1975.922,
6874,2862,6735.507,1957.85,
6876,2863,6773.792,1928.748,
6877,2863,6815.051,1891.592,
6879,2863,6837.074,1864.378,
6881,2864,6898.287,1825.243,
6882,2864,6920.422,1812.459,
6883,2864,6950.396,1798.875,
6884,2864,7003.815,1776.152,
6885,2865,7088.051,1720.925,
6886,2865,7146.887,1669.354,
6887,2865,7044.037,1750.26,
6888,2865,7176.074,1652.66,
6889,2866,7202.989,1639.58,
6890,2866,7274.063,1618.726,
6892,2866,7303.958,1602.005,
6893,2867,7336.795,1578.265,
6894,2867,7356.835,1567.294,
6895,2867,7400.588,1537.847,
6896,2867,7435.178,1507.982,
6898,2868,7484.973,1485.481,
6899,2868,7511.346,1479.114,
6900,2868,7525.528,1476.148,
6901,2868,7556.455,1474.428,
6902,2868,7584.917,1483.171,
6903,2938,7607.941,1541.459,
6912,2941,7597.003,1565.187,
6915,2940,7631.364,1653.522,
6922,2941,7588.572,1584.169,
6923,2941,7592.446,1596.829,
6924,2948,7594.042,1730.588,
6925,2940,7602.659,1678.412,
6931,2948,7628.201,1774.17,
6932,2955,7598.281,1810.908,
6935,2955,7579.743,1833.341,
6936,2955,7562.115,1848.508,
6951,2944,7915.491,1500.761,
6952,2944,7933.57,1527.681,
6953,2944,7962.568,1581.436,
6967,2946,7849.788,1715.968,
6968,2947,7750.051,1754.258,
6969,2940,7693.532,1728.67,
6971,2936,7802.871,1545.897,
6972,2940,7709.736,1695.212,
6973,2942,7729.052,1641.931,
6976,2946,7819.138,1729.811,
6977,2945,7964.073,1629.681,
6979,2942,7764.869,1585.969,
6981,2946,7884.474,1698.611,
6982,2936,7845.954,1510.682,
6985,2956,7528.634,1942.742,
6986,2956,7534.303,1907.199,
6987,2955,7544.875,1870.474,
6999,2956,7488.707,2014.775,
7001,2957,7467.242,2031.432,
7002,2957,7431.104,2063.575,
7003,2957,7397.327,2099.741,
7019,2958,7383.265,2205.968,
7039,2958,7362.567,2170.592,
7040,2963,7412.487,2284.67,
7046,2963,7439.932,2324.245,
7080,2964,7451.761,2523.118,
7081,2965,7464.462,2580.108,
7082,2965,7466.547,2697.818,
7083,2964,7447.25,2491.795,
7084,2963,7423.107,2394.273,
7085,2966,7490.015,2755.698,
7086,2966,7510.083,2802.94,
7172,2965,7460.664,2657.732,
7173,2966,7503.496,2861.544,
7174,2973,7477.082,2894.889,
7177,2973,7488.779,2978.638,
7179,2973,7462.679,2921.042,
7196,2815,4503.578,1784.341,
7197,2815,4567.354,1729.868,
7198,2814,4631.064,1694.442,
7199,2813,4737.179,1622.774,
7200,2813,4747.721,1602.031,
7201,2813,4806.964,1555.576,
7202,2813,4772.446,1636.056,
7203,2813,4803.874,1603.632,
7204,2811,4886.66,1527.401,
7205,2811,4971.644,1526.224,
7206,2811,5025.213,1566.238,
7207,2810,5108.971,1648.984,
7208,2803,5242.566,1746.695,
7209,2803,5295.386,1716.614,
7210,2808,5185.796,1858.556,
7211,2810,5134.567,1702.729,
7212,2802,5494.387,1718.2,
7213,2802,5394.799,1712.96,
7214,2801,5601.681,1656.053,
7215,2801,5562.444,1690.041,
7216,2800,5612,1498,
7217,2800,5598.255,1581.784,
7220,2854,6159.859,2267.717,
7330,2975,7647.816,3151.132,
7331,2976,7686.271,3253.715,
7356,2976,7602.415,3225.65,
7357,2974,7586,3079,
7393,2973,7494.943,3036.914,
7395,2976,7617.609,3212.839,
7401,2976,7639.705,3248.032,
7493,7703,7448.94,3223.836,
7500,1482,4023.931,635.152,
7501,1482,3970.689,647.278,
7502,1485,4275.052,470.662,
7503,1485,4242.396,427.729,
7507,1485,4288.277,424.565,
7516,1489,4615.369,306.301,
7517,1489,4662.612,286.958,
7518,1489,4678.803,268.09,
7519,2781,4638.018,208.111,
7520,2781,4662.252,209.522,
7521,2781,4713.806,199.694,
7522,2782,4866.52,172.797,
7523,2782,5008.806,263.322,
7524,2783,5152.383,374.987,
7525,2787,5297.265,486.474,
7526,2790,5364.887,513.198,
7527,2782,4960.058,243.572,
7528,2791,5416.992,399.294,
7530,2797,5543.179,680.391,
7531,2791,5397.017,363.991,
7532,2783,5220.455,407.696,
7533,2783,5071.392,327.848,
7534,2782,4911.229,218.739,
7535,2781,4792.781,159.177,
7546,1488,4549.501,329.669,
7547,1487,4472.424,360.428,
7548,1487,4408.672,398.992,
7549,1487,4351.99,411.554,
7550,1485,4208.049,452.752,
7551,1485,4169.271,508.528,
7552,1482,4139.134,553.687,
7553,1482,4094.014,598.92,
7568,2799,5481.348,1171.74,
7569,2799,5523.754,1261.765,
7570,2799,5543.228,1298.8,
7571,2800,5577.486,1362.372,
7572,2800,5552.749,1416.341,
7573,2800,5551.698,1475.566,
7594,1480,3828.534,905.826,
7595,1480,3870.436,843.718,
7596,1480,3896.557,782.596,
7597,1478,3706.404,960.547,
7598,1478,3756.703,947.141,
7599,1480,3923.945,709.703,
7688,2579,3232.431,1617.542,
7690,2579,3206.224,1604.746,
7691,2578,3114.639,1603.688,
7739,5768,832.333,3840.805,
7740,5771,893.879,3727.631,
7796,2974,7569,3047,
7799,2604,2519.059,2065.985,
7803,7747,2337.105,2092.278,
7809,5852,2121.342,3604.668,
7813,5852,2105.484,3640.359,
7814,5855,2094.339,3691.069,
7815,5860,2106.922,3743.154,
7816,6469,2144.329,3808.129,
7817,7645,2240.645,3761.23,
7830,5852,2122.945,3559.798,
7837,2518,1914.872,1954.842,
7842,2506,1783.916,2031.762,
7889,4724,2440.812,1939.738,
7890,7747,2351.387,2080.215,
7892,2603,2451.554,2018.551,
7893,7748,2417.178,2085.087,
7896,7907,2429.146,2146.105,
7897,2604,2493.304,2084.672,
7898,2605,2527.62,2098.413,
7899,2614,2478.552,2156.798,
7901,2605,2513.08,2119.361,
7902,2604,2491.123,2070.644,
7903,7750,2481.679,2020.09,
7904,6437,2542.934,2109.06,
7905,2607,2584.829,2003.448,
7908,2618,2744.182,2352.531,
7934,2590,2817.973,2044.941,
7935,2594,2783.195,2052.66,
7936,2590,2766.499,1999.465,
7937,2590,2784.356,1991.455,
7942,2589,2881.865,2024.649,
7990,2677,3212.793,1911.232,
8003,7748,2441.632,2074.834,
8015,2590,2826.213,1986.317,
8016,2601,2583,1840,
8018,2597,2663.439,1833.591,
8026,2537,1942.715,2482.969,
8027,2537,1997.022,2478.085,
8258,8279,41,1486,
8259,8279,35,1467,
8261,8279,25,1455,
8267,8278,49,1589,
8268,8278,90,1630,
8277,8279,41,1549,
8281,2891,7054,1405,
8282,2897,7204,1410,
8283,2899,7250,1252,
8338,8337,7411,1180,
8342,8340,7497,1112,
8343,8344,7692,917,
8346,2557,458,1868,
8347,2557,497,1841,
8348,2557,538,1842,
8349,2557,562,1838,
8387,8340,7607,1006,
6144,7874,3052,3060,
6092,7879,2783,3213,
8448,8572,2649,3441,
8437,8577,2520,3359,
7299,8578,2726,3270,
8452,8580,2844,3393,
8466,8581,2869,3557,
8555,8583,3408,3353,
8562,8585,3264,3376,
8519,8587,2367,3712,
8528,8589,2533,3657,
8667,2781,4829,156,
8679,2791,5413,310,
8680,2790,5379,458,
8681,2787,5270,444,
8682,2782,5007,260,
8703,8748,5402,222,
8704,8749,5388,153,
8707,8749,5387,87,
8708,8749,5380,47,
8767,8798,7873,3171,
8768,8799,7956,3175,
8769,8800,8031,3147,
8786,8800,8081,3146,
8867,2809,5160,1770,
8871,2802,5343,1702,
8872,2812,4859,1618,
8879,2800,5582,1470,
500,9146,3201,1465,
543,9147,3206,1413,
552,9151,3226,1249,
563,9154,3393,1164,
569,9155,3398,1126,
574,9156,3413,1090,
591,9158,3456,1002,
1374,7772,462,2070,
1377,9159,496,2079,
1419,9160,336,2147,
1311,9162,400,2276,
1434,9163,442,2264,
1011,9164,837,2352,
2311,9171,1196,2605,
2394,9166,963,2882,
2442,9168,1031,3023,
2475,9169,1059,3012,
3699,7731,1419,3095,
3055,9173,1440,3054,
4764,9179,1977,3403,
6274,9183,2126,3329,
4811,7776,2659,2672,
4241,7778,2575,2628,
4267,7780,2443,2595,
4210,9184,2320,2669,
4208,9184,2300,2647,
4195,9186,2210,2650
4191,9189,2106,2693,
4843,9189,2114,2697,
4350,9199,5969,2731,
4381,9203,6090,2791,
4429,9225,6983,2968,
4428,9227,6903,2920,
4431,9226,6953,2924,
4430,9232,6879,2888,
4425,9230,6650,2940,
4456,9229,6729,2934,
4424,9231,6612,2949,
7055,9220,7260,2206,
7324,9233,7364,3349,
7047,9218,7281,1996,
6927,9214,7514,1724,
6938,9215,7450,1701,
7420,9207,6603,2271,
4476,9209,6680,2368,
#INR AUTO SEA
1630;2988;4182;2612;
1633;2992;4209;2783;
1642;2992;4175;2756;
1644;2992;4174;2724;
1647;2992;4180;2689;
1648;2988;4172;2651;
1717;2735;3607;2725;
3434;2990;4559;2601;
3435;2990;4585;2618;
3436;2990;4579;2631;
4985;2988;4258;2525;
4986;2989;4320;2540;
4996;2989;4474;2535;
4997;2990;4519;2570;
5390;2991;4509;2740;
5424;2991;4432;2850;
5425;2996;4367;2852;
5426;4588;4421;2906;
5428;4588;4464;2936;
5451;4588;4469;2955;
5457;4582;4098;3192;
5458;4588;4465;2971;
5459;4588;4425;2983;
5460;4588;4376;3028;
5461;4588;4354;3027;
5462;4588;4315;2973;
5463;4588;4320;3007;
5464;4575;4159;3066;
5465;2997;4233;3040;
5466;2997;4280;3039;
5467;4584;4106;3110;
5468;4583;4117;3146;
5471;4581;4170;3251;
5482;9609;4565;3291;
5484;9609;4609;3320;
5485;9609;4553;3315;
5488;9610;4529;3334;
5493;4581;4218;3267;
5496;4581;4200;3271;
5498;4581;4175;3328;
5499;4581;4160;3361;
5866;4578;3896;3010;
5868;4578;3852;3027;
5874;4578;3845;3060;
5876;4578;3857;3131;
5877;4579;3908;3240;
5878;4579;3971;3295;
5879;4580;4015;3352;
5880;4580;4079;3366;
5881;4581;4123;3391;
6725;2990;4560;2658;
6811;2991;4462;2822;
7254;9607;4628;3533;
7255;9607;4684;3498;
7256;9608;4711;3482;
7257;9608;4692;3445;
7258;9608;4695;3385;
7259;9608;4678;3340;
7260;9609;4667;3333;
7603;2993;4114;2816;
7604;2994;4019;2878;
7621;2995;3942;2928;
7632;2995;3929;2963;
7633;2995;3906;3004;
7638;2989;4424;2519;
7639;2989;4386;2513;
8050;4578;3865;3164;
8288;2936;7776;1574;
8766;2976;7735;3230;
8895;9607;4623;3581;
8896;9607;4621;3637;
8897;9607;4575;3607;
8898;9607;4544;3583;
8899;9610;4504;3487;
8900;9610;4492;3455;
8901;9610;4500;3406;
#INR AUTO RIVER
1;9295;1707;2363;
2;9295;1713;2382;
16;9295;1706;2379;
18;9296;1701;2407;
20;9296;1716;2396;
21;9297;1685;2426;
23;9297;1698;2418;
102;9297;1685;2439;
134;9294;1622;2530;
135;9293;1589;2525;
138;9293;1573;2529;
139;9294;1616;2536;
140;9294;1635;2538;
146;9283;1647;2601;
149;9284;1613;2617;
150;9283;1648;2607;
152;8033;1563;2635;
340;9306;475;2262;
353;9430;2642;2376;
369;9429;2449;2357;
371;9429;2443;2357;
384;7709;2385;2345;
385;7709;2389;2344;
489;9431;2653;2431;
490;9430;2636;2394;
491;9432;2633;2462;
495;9432;2643;2458;
496;9432;2635;2480;
497;9429;2434;2376;
501;7687;3191;1493;
502;7686;3240;1539;
503;7667;3203;1528;
504;7676;3180;1539;
506;7684;3294;1501;
511;7671;3218;1558;
512;7674;3179;1496;
513;7674;3174;1510;
514;7674;3166;1509;
515;7681;3139;1546;
518;7682;3126;1569;
524;7671;3210;1552;
525;7672;3249;1580;
526;7674;3165;1522;
527;7680;3153;1529;
528;7676;3170;1546;
537;9146;3206;1444;
538;9147;3206;1422;
541;9147;3201;1431;
542;9148;3192;1384;
544;9148;3188;1390;
545;9149;3182;1351;
546;9149;3187;1344;
547;9149;3182;1320;
548;9150;3199;1299;
549;9150;3203;1274;
550;9150;3198;1286;
551;9150;3209;1272;
553;9151;3252;1238;
554;9151;3224;1240;
555;9152;3264;1218;
556;9152;3276;1213;
557;9152;3292;1200;
558;9152;3301;1187;
559;9152;3312;1182;
560;9153;3316;1170;
561;9153;3331;1170;
562;9153;3348;1153;
564;9154;3395;1174;
566;9154;3403;1155;
567;9154;3398;1152;
568;9155;3400;1136;
570;9155;3381;1124;
571;9156;3388;1105;
572;9155;3387;1117;
573;9156;3402;1088;
575;9157;3429;1080;
576;9157;3437;1044;
577;9157;3448;1026;
592;9158;3453;974;
593;9528;3468;912;
594;9529;3458;896;
595;9529;3449;892;
596;9529;3443;861;
597;9530;3411;860;
598;9530;3406;862;
599;9530;3392;835;
600;9531;3369;806;
601;9531;3378;809;
602;9532;3370;781;
603;9532;3358;771;
604;9533;3343;726;
605;9535;3310;639;
606;9534;3323;679;
607;9536;3333;616;
608;9536;3327;587;
609;9537;3332;571;
610;9537;3347;553;
611;9538;3346;539;
612;9538;3355;536;
613;9538;3359;517;
614;9539;3394;460;
615;9540;3393;450;
616;9539;3373;477;
617;9539;3382;479;
618;9538;3362;495;
619;9540;3410;443;
620;9540;3415;448;
621;9541;3430;444;
622;9541;3432;437;
623;9541;3451;450;
624;9541;3447;439;
625;9542;3479;471;
626;9544;3498;533;
627;9546;3624;557;
628;9548;3678;516;
629;9547;3659;519;
630;9548;3689;493;
631;9548;3684;486;
632;9561;3694;473;
634;9549;3693;462;
635;9549;3683;445;
636;9550;3677;421;
637;9549;3684;435;
638;9550;3683;420;
639;9550;3682;401;
640;9551;3674;386;
641;9550;3687;395;
642;9551;3664;372;
643;9552;3630;355;
644;9552;3647;355;
645;9546;3592;610;
646;9544;3531;555;
655;7685;3268;1541;
803;9761;3655;2139;
804;9761;3611;2137;
805;9762;3543;2157;
806;9760;3667;2138;
807;9762;3526;2184;
809;9762;3544;2181;
810;9767;3501;2211;
814;9761;3555;2123;
817;9767;3512;2214;
821;9771;3670;2230;
822;9771;3697;2229;
823;9771;3707;2226;
824;9770;3746;2174;
825;9770;3737;2164;
826;9760;3679;2135;
827;9759;3720;2109;
828;9758;3739;2104;
829;9757;3786;2060;
833;9746;3786;2330;
834;9746;3793;2329;
835;9743;3912;2209;
836;9768;3530;2259;
837;9768;3513;2252;
847;9761;3595;2136;
848;9762;3549;2158;
853;9761;3608;2141;
861;9745;3871;2268;
862;9745;3880;2273;
863;9745;3856;2275;
867;9746;3810;2318;
868;6422;3831;2290;
873;9746;3807;2313;
874;9771;3724;2227;
881;9744;3909;2247;
882;9744;3908;2236;
883;9743;3925;2198;
884;9748;3998;2220;
885;9748;4002;2197;
886;9748;3996;2193;
889;6434;4093;2133;
890;6435;4039;2155;
891;9742;3969;2144;
892;9747;4034;2145;
893;9789;4019;2104;
894;9741;4050;2080;
895;9741;4057;2094;
896;9750;4077;2107;
897;9750;4081;2119;
898;9750;4074;2084;
899;9740;4071;2048;
900;9740;4059;2050;
901;9740;4070;2040;
902;9754;4014;2037;
903;9754;4027;2024;
904;9755;3956;2031;
905;6430;3885;2081;
906;9756;3852;2077;
907;9757;3826;2073;
908;9758;3770;2079;
909;9753;4054;2011;
910;9772;4067;2012;
911;7716;4083;2041;
913;7716;4088;2022;
914;9749;4081;2051;
915;9772;4079;2008;
916;7715;4112;2024;
917;9773;4107;1967;
919;9773;4106;1963;
920;6439;4126;1945;
921;6439;4138;1956;
922;7720;4097;1944;
923;7719;4136;1912;
926;7715;4115;2033;
927;7715;4145;2018;
928;7713;4203;2041;
931;6439;4169;1935;
933;7714;4197;2025;
934;6440;4292;1985;
935;9752;4268;1966;
936;7719;4198;1910;
937;7718;4237;1908;
938;6440;4319;1945;
939;7718;4281;1911;
941;7710;4401;1921;
953;6430;3882;2071;
954;9755;3920;2046;
955;9742;3956;2163;
956;9743;3938;2177;
961;7714;4182;2014;
968;7718;4230;1900;
970;7711;4324;1991;
973;7713;4226;2040;
974;7713;4234;2049;
976;7715;4134;2034;
977;9750;4079;2122;
980;7712;4305;2010;
986;6422;3848;2295;
1010;9316;917;2374;
1013;9314;807;2392;
1016;9315;771;2435;
1024;9309;591;2254;
1056;9317;964;2401;
1057;9317;942;2392;
1061;9316;919;2370;
1062;8039;893;2344;
1064;9164;873;2348;
1068;9317;948;2397;
1069;9317;934;2396;
1070;9313;843;2369;
1071;9313;815;2390;
1072;9314;798;2405;
1081;9315;767;2443;
1088;9315;781;2423;
1089;9314;787;2412;
1156;9312;381;2411;
1157;9313;410;2390;
1158;9313;414;2385;
1162;9313;425;2391;
1163;9313;430;2403;
1164;9313;434;2404;
1200;9308;532;2272;
1201;9307;520;2264;
1202;9309;577;2259;
1241;8039;899;2348;
1243;9164;848;2346;
1244;8038;900;2314;
1286;9300;634;2087;
1287;9300;613;2075;
1288;9312;366;2410;
1290;9312;386;2401;
1292;9310;332;2406;
1306;9163;445;2273;
1307;9162;414;2275;
1308;7769;316;2269;
1309;7769;319;2263;
1310;7769;337;2271;
1312;7770;356;2276;
1313;7769;286;2271;
1314;7768;266;2256;
1315;7769;300;2264;
1317;7768;246;2240;
1320;7767;243;2231;
1332;7863;306;2108;
1338;7863;310;2091;
1343;7665;441;2072;
1353;7665;411;2021;
1355;7771;428;2066;
1356;7771;419;2064;
1357;7771;416;2045;
1358;7771;405;2040;
1371;9159;475;2076;
1372;9159;477;2083;
1373;7772;449;2075;
1378;9298;512;2090;
1379;9298;543;2094;
1380;9299;559;2092;
1381;9299;585;2085;
1382;9300;604;2077;
1383;9299;578;2084;
1384;9299;575;2092;
1387;9298;540;2091;
1395;9300;592;2078;
1400;9302;434;2197;
1403;9302;420;2185;
1406;9303;471;2191;
1413;9160;310;2130;
1415;7862;319;2085;
1416;7863;313;2110;
1421;9160;341;2159;
1422;9160;327;2149;
1423;9302;409;2197;
1424;9301;379;2199;
1425;9301;365;2199;
1428;9161;352;2192;
1429;9161;353;2184;
1430;7770;378;2269;
1433;9162;414;2269;
1435;9303;451;2200;
1436;9303;451;2196;
1437;9306;493;2265;
1438;9307;534;2269;
1442;9159;500;2088;
1454;9303;467;2196;
1455;9309;579;2255;
1459;9304;500;2201;
1460;9305;522;2214;
1461;9305;504;2211;
1462;9307;515;2257;
1463;9305;524;2215;
1584;9735;4070;2706;
1617;9739;4036;2594;
1618;9739;4058;2620;
1635;9736;4031;2725;
1637;6429;3993;2735;
1638;9738;4076;2648;
1643;6429;3935;2728;
1645;6429;3991;2740;
1646;6429;4035;2723;
1650;9739;4057;2631;
1651;9737;4102;2694;
1652;9737;4116;2702;
1654;9738;4089;2667;
1655;9735;4084;2711;
1661;9736;4034;2721;
1672;9738;4076;2656;
1704;9733;3699;2750;
1705;9733;3688;2754;
1706;9732;3676;2747;
1707;9732;3674;2749;
1711;9732;3665;2904;
1714;9732;3650;2741;
1746;9733;3702;2761;
1847;9768;3519;2254;
1869;9768;3496;2241;
1874;8029;3357;2173;
2016;9174;912;3254;
2018;9174;934;3264;
2026;9174;908;3263;
2027;9174;926;3270;
2038;8035;984;3249;
2042;9174;944;3245;
2044;9364;915;3339;
2045;9364;889;3332;
2048;9363;867;3324;
2049;9360;844;3304;
2050;9361;848;3333;
2054;9364;900;3341;
2055;9364;891;3338;
2056;9362;847;3360;
2058;9368;924;3389;
2059;9362;835;3372;
2060;9362;833;3369;
2061;9363;866;3316;
2062;9368;929;3388;
2065;9369;892;3380;
2067;9367;938;3425;
2068;9367;943;3412;
2069;9365;938;3449;
2077;9366;914;3486;
2078;9366;912;3495;
2088;9366;901;3505;
2107;9362;812;3380;
2181;9176;518;3426;
2185;9176;542;3456;
2191;6306;561;3478;
2194;6306;571;3514;
2196;6306;569;3522;
2201;6306;561;3508;
2211;7865;850;2886;
2232;7741;865;2709;
2234;7742;869;2682;
2261;9321;1060;2569;
2262;9321;1038;2569;
2263;9320;1017;2563;
2265;9320;998;2554;
2269;9319;978;2588;
2270;9318;947;2595;
2271;9318;943;2592;
2279;9319;979;2574;
2280;9319;989;2568;
2281;9165;919;2606;
2282;9323;946;2658;
2287;9322;906;2661;
2288;9165;907;2629;
2289;7766;885;2640;
2292;9323;945;2653;
2293;9318;937;2602;
2294;9165;914;2628;
2301;9353;1229;2724;
2302;9354;1205;2735;
2303;9172;1214;2709;
2304;9172;1215;2694;
2305;9353;1258;2704;
2306;9172;1207;2694;
2307;9172;1213;2671;
2308;9171;1214;2638;
2309;9171;1206;2636;
2310;9171;1206;2617;
2314;7846;1187;2544;
2316;9170;1194;2587;
2317;9170;1198;2568;
2320;9170;1201;2577;
2321;9357;1214;2550;
2322;9357;1230;2539;
2324;9358;1257;2533;
2327;9324;968;2651;
2328;9325;997;2657;
2329;9324;972;2655;
2337;9325;1021;2655;
2338;9325;1000;2649;
2350;9326;1049;2920;
2352;7866;881;2891;
2353;9338;1142;2921;
2356;9355;1214;2756;
2358;9355;1224;2783;
2359;9356;1228;2800;
2360;9356;1218;2809;
2362;9356;1231;2821;
2363;9356;1236;2822;
2364;9355;1209;2752;
2365;9356;1221;2791;
2366;9330;1142;2811;
2367;9330;1131;2820;
2368;9329;1109;2836;
2369;9331;1165;2782;
2370;9331;1166;2768;
2371;9331;1162;2771;
2372;9331;1149;2789;
2374;9330;1126;2818;
2395;7867;954;2874;
2398;7866;881;2884;
2399;7867;924;2872;
2400;7867;913;2891;
2407;9167;1015;2898;
2408;9326;1035;2914;
2412;9329;1105;2849;
2413;9328;1104;2875;
2414;9328;1099;2871;
2415;9338;1134;2918;
2416;9327;1080;2900;
2417;9327;1072;2908;
2418;9337;1126;2928;
2421;9166;927;2876;
2422;9166;1042;2919;
2423;9166;985;2886;
2424;9167;1007;2895;
2425;9326;1027;2910;
2430;9338;1150;2894;
2431;9336;1197;2904;
2432;9338;1144;2898;
2433;9336;1203;2898;
2434;9329;1109;2849;
2439;9338;1150;2886;
2443;7870;1015;3053;
2444;9343;1077;3027;
2445;9344;1091;3045;
2447;9344;1109;3042;
2448;9337;1127;2946;
2449;9335;1187;2938;
2450;9341;1196;3007;
2451;9348;1181;3049;
2452;9347;1148;3049;
2455;9385;1261;3015;
2466;7870;1013;3039;
2467;7868;979;3061;
2472;9343;1079;3033;
2473;9168;1034;3031;
2474;9169;1054;3023;
2477;9169;1044;3014;
2480;9333;1105;2957;
2481;9333;1086;2973;
2482;9334;1119;2962;
2483;9333;1094;2976;
2484;9339;1104;3014;
2485;9339;1118;3009;
2486;9334;1156;2973;
2487;9340;1190;3011;
2488;9335;1178;2938;
2489;9342;1204;2983;
2490;9341;1193;3007;
2491;9341;1178;3018;
2492;9340;1140;3015;
2493;9345;1125;3067;
2494;9385;1255;3020;
2495;9342;1226;2977;
2496;9342;1237;2969;
2498;9385;1265;3002;
2543;9498;2486;3049;
3001;9377;1306;3025;
3005;9336;1204;2910;
3006;9342;1215;2975;
3008;9342;1237;2964;
3009;9373;1383;2880;
3012;9373;1384;2882;
3018;9373;1381;2898;
3019;9373;1384;2921;
3020;9372;1398;2945;
3021;9371;1403;2972;
3022;9372;1393;2927;
3023;9371;1415;2991;
3024;9372;1395;2953;
3025;9371;1413;2975;
3038;9352;1133;3116;
3040;9351;1146;3159;
3041;9351;1150;3157;
3043;9346;1161;3084;
3044;9352;1135;3102;
3045;9352;1139;3107;
3046;9352;1155;3128;
3047;9346;1178;3095;
3048;9348;1190;3056;
3049;9348;1216;3052;
3050;9385;1244;3051;
3051;9384;1221;3074;
3052;9370;1436;3012;
3053;9370;1429;3006;
3054;9370;1439;3031;
3056;9173;1434;3056;
3058;9365;927;3461;
3067;9524;431;1780;
3072;9524;435;1781;
3073;9523;422;1805;
3074;9523;409;1815;
3075;9523;420;1814;
3076;9235;403;1837;
3079;9524;449;1769;
3190;5367;1429;1672;
3191;5367;1392;1655;
3196;5367;1463;1671;
3202;9527;1500;1669;
3290;9527;1508;1659;
3308;7865;855;2894;
3310;9552;3613;338;
3311;9553;3609;306;
3312;9554;3607;256;
3313;9558;3651;251;
3314;9554;3614;261;
3315;9554;3615;218;
3317;9559;3687;227;
3318;9555;3608;172;
3320;9556;3614;150;
3321;9562;3758;452;
3322;9563;3832;409;
3323;9564;3888;344;
3328;9565;3940;294;
3518;9358;1268;2536;
3521;9358;1263;2532;
3523;9358;1247;2528;
3539;9353;1259;2707;
3550;9290;1405;2602;
3551;9288;1387;2647;
3554;9289;1459;2641;
3555;9289;1442;2636;
3556;9289;1429;2631;
3557;9290;1411;2616;
3558;9287;1415;2658;
3559;9290;1416;2625;
3560;9288;1404;2662;
3562;9287;1432;2660;
3563;9288;1380;2624;
3564;9290;1400;2612;
3565;9286;1461;2649;
3566;9291;1463;2674;
3567;9291;1453;2690;
3571;9291;1462;2683;
3572;9286;1485;2659;
3573;9286;1505;2658;
3574;9286;1496;2650;
3575;8034;1530;2649;
3576;8034;1542;2644;
3583;6373;1571;2683;
3584;9292;1582;2676;
3585;8034;1555;2645;
3586;9292;1583;2659;
3587;8033;1567;2633;
3588;9285;1600;2627;
3589;8032;1602;2651;
3591;9284;1611;2623;
3592;8031;1634;2634;
3597;8031;1631;2642;
3621;9353;1256;2715;
3622;9353;1248;2729;
3647;9442;1791;2938;
3648;9442;1798;2934;
3649;9441;1834;2932;
3651;9441;1859;2944;
3652;9440;1888;2950;
3653;9439;1920;2938;
3661;6373;1588;2715;
3662;6373;1583;2704;
3676;9350;1168;3178;
3677;9350;1171;3192;
3678;9349;1206;3204;
3681;9382;1275;3157;
3682;9383;1248;3141;
3686;9385;1249;3050;
3688;9377;1313;3043;
3689;9377;1317;3060;
3690;9376;1333;3067;
3691;9377;1316;3042;
3700;9374;1458;3102;
3702;9374;1477;3080;
3703;9384;1226;3085;
3704;9383;1225;3107;
3705;9383;1236;3122;
3706;9349;1212;3206;
3707;9350;1198;3188;
3709;9381;1283;3182;
3710;9381;1296;3204;
3711;9379;1286;3248;
3712;9379;1276;3257;
3713;9378;1256;3248;
3715;7727;1337;3207;
3716;9381;1295;3198;
3717;7728;1346;3185;
3718;9382;1284;3168;
3719;9382;1280;3150;
3720;7728;1359;3155;
3721;7730;1386;3123;
3722;9375;1368;3100;
3723;7731;1407;3084;
3724;9375;1362;3086;
3726;9376;1349;3087;
3730;9376;1335;3073;
3737;9374;1478;3073;
3741;9449;1534;2942;
3742;9449;1534;2946;
3743;9449;1514;2932;
3746;9449;1516;2930;
3749;9447;1645;2990;
3750;9448;1555;2956;
3758;9445;1671;2997;
3759;9444;1701;2982;
3760;9444;1717;2970;
3761;9444;1731;2963;
3762;9443;1753;2956;
3763;9443;1775;2942;
3765;9446;1628;2981;
3766;9446;1617;2980;
3769;9447;1569;2967;
3771;9448;1551;2957;
3773;9446;1558;2959;
3774;9447;1594;2976;
3775;9448;1560;2959;
3776;9386;1313;3271;
3777;7726;1333;3240;
3779;9388;1375;3308;
3780;9388;1376;3327;
3782;9388;1388;3287;
3785;7727;1346;3205;
3787;7728;1359;3170;
3788;7730;1387;3130;
3798;9374;1480;3081;
3808;9445;1660;3001;
3815;9444;1700;2987;
3817;9444;1735;2966;
3819;9443;1777;2947;
3828;9390;1474;3309;
3829;9390;1477;3331;
3834;9388;1373;3346;
3838;9390;1467;3358;
3840;9389;1455;3361;
3841;9387;1377;3351;
3842;9387;1384;3377;
3849;9378;1233;3252;
3876;6333;1471;3668;
3878;6333;1500;3705;
3888;7885;1532;3395;
3890;7885;1504;3403;
3893;7886;1606;3366;
3895;7885;1558;3391;
3906;9177;1771;3391;
3907;7887;1628;3355;
3908;9397;1773;3337;
3909;7888;1632;3298;
3916;9441;1855;2951;
3917;9442;1820;2939;
3918;9438;1955;2938;
3919;9438;1965;2937;
3920;9438;1948;2942;
3921;9440;1899;2955;
3927;9437;1987;2919;
3950;9395;1637;3227;
3951;9395;1644;3197;
3955;9395;1633;3261;
3959;9394;1626;3225;
3962;9390;1482;3351;
3964;9390;1482;3322;
3966;9394;1621;3240;
3967;9394;1625;3257;
3968;7888;1618;3290;
3969;7887;1626;3344;
3970;7886;1568;3377;
3971;7886;1601;3358;
3972;7885;1531;3388;
3981;9393;1737;3188;
3982;7887;1642;3338;
3984;9396;1753;3344;
3985;9396;1757;3363;
3987;7888;1640;3319;
3988;9392;1689;3236;
3989;9391;1667;3260;
3990;9393;1715;3207;
3991;9393;1720;3207;
3996;9392;1689;3256;
3999;9397;1768;3334;
4000;9397;1781;3301;
4001;9398;1794;3279;
4002;9399;1851;3257;
4003;9399;1858;3250;
4004;9400;1893;3229;
4007;9401;1906;3211;
4010;9402;1948;3186;
4012;9402;1971;3174;
4013;9403;1992;3145;
4014;9404;2007;3115;
4015;9404;1999;3079;
4031;9457;1877;2807;
4038;9475;1928;2711;
4039;9475;1903;2725;
4041;9474;1961;2683;
4073;9473;1973;2677;
4074;9473;1993;2672;
4076;9472;2027;2666;
4077;9471;2046;2668;
4126;9470;2112;2656;
4129;9470;2086;2667;
4132;6356;1977;2813;
4134;9457;1903;2805;
4135;9457;1873;2820;
4136;9456;1908;2793;
4137;9456;1936;2787;
4138;6356;1988;2820;
4140;9456;1941;2790;
4147;9438;1973;2922;
4148;6356;2017;2836;
4150;9437;2003;2903;
4155;9436;2029;2906;
4156;9436;2049;2909;
4157;9435;2078;2897;
4158;9434;2076;2867;
4160;6356;2036;2841;
4161;9450;2065;2822;
4162;9433;2079;2806;
4163;6356;2016;2823;
4164;9450;2064;2803;
4165;6356;1979;2809;
4166;6356;2006;2817;
4169;9190;2076;2764;
4170;9190;2092;2729;
4171;9453;2043;2736;
4172;9453;2024;2736;
4173;9455;1965;2773;
4174;9454;1991;2752;
4176;9475;1921;2725;
4177;9474;1954;2693;
4178;9473;1975;2682;
4179;9454;2008;2739;
4180;9455;1975;2757;
4181;9475;1934;2710;
4182;9455;1968;2762;
4183;9473;2000;2678;
4184;9453;1982;2679;
4186;9471;2056;2677;
4187;9452;2062;2724;
4188;9452;2085;2713;
4189;9188;2139;2689;
4190;9187;2188;2674;
4192;9469;2127;2666;
4193;9468;2187;2651;
4194;9469;2132;2663;
4196;9468;2169;2643;
4199;9186;2233;2650;
4200;9185;2274;2658;
4207;9185;2290;2653;
4209;7782;2329;2647;
4211;7782;2348;2661;
4214;7782;2340;2630;
4215;7782;2352;2621;
4216;7781;2365;2606;
4217;7781;2372;2589;
4223;7781;2388;2591;
4224;7781;2409;2594;
4226;7780;2442;2590;
4227;7780;2468;2593;
4231;7779;2498;2597;
4238;7779;2525;2595;
4239;7778;2549;2602;
4240;7778;2563;2615;
4242;7777;2616;2658;
4246;7777;2616;2652;
4252;7776;2650;2660;
4257;7776;2677;2675;
4260;9185;2272;2672;
4263;9184;2305;2659;
4266;9479;2473;2622;
4268;9480;2451;2654;
4269;9480;2443;2682;
4270;9476;2423;2640;
4271;9477;2390;2674;
4272;9481;2437;2700;
4273;9481;2442;2715;
4274;9478;2380;2687;
4275;9478;2369;2694;
4276;7781;2394;2600;
4277;7782;2364;2623;
4278;9477;2409;2650;
4279;9477;2396;2658;
4280;9481;2443;2730;
4283;9478;2399;2660;
4312;9432;2635;2473;
4315;9621;6049;3046;
4317;9612;5875;2933;
4319;9612;5882;2906;
4320;9613;5878;2976;
4328;9613;5872;2988;
4329;9613;5873;2990;
4330;9612;5887;2907;
4340;9621;6053;3046;
4342;9622;6070;3098;
4345;9622;6067;3086;
4348;9618;6005;2816;
4351;9201;5920;2801;
4353;7697;5947;2358;
4354;7696;5978;2324;
4355;7696;5957;2333;
4357;9625;6124;2331;
4358;9624;6062;2357;
4359;7695;6023;2304;
4360;9623;5999;2427;
4361;7697;5944;2349;
4362;7697;5938;2384;
4363;7698;5941;2418;
4364;7698;5937;2446;
4365;7698;5933;2411;
4372;7700;5977;2521;
4373;7692;6003;2617;
4374;7700;5993;2576;
4375;7700;5980;2569;
4376;7699;5954;2496;
4377;9199;5999;2655;
4378;9202;6061;2726;
4380;9618;6006;2860;
4382;9618;6009;2823;
4383;9611;5888;2861;
4384;9619;5997;2905;
4385;9205;6011;2698;
4386;9199;5968;2725;
4388;9204;6123;2857;
4390;9616;6225;3011;
4392;9615;6191;2994;
4393;9614;6151;2936;
4396;9620;6023;2942;
4398;9619;6005;2923;
4399;9621;6043;3026;
4401;9616;6249;3029;
4402;9658;6375;3052;
4403;9649;6442;3027;
4404;9649;6472;2989;
4405;9656;6464;2910;
4411;9658;6380;2987;
4412;9657;6390;2980;
4413;9657;6417;2945;
4418;9616;6232;3012;
4419;9649;6435;3048;
4420;9655;6512;2874;
4421;9656;6454;2919;
4422;9655;6507;2884;
4423;9647;6525;2942;
4426;9647;6571;2938;
4427;9653;6656;2871;
4432;9232;6902;2893;
4433;9669;6916;2995;
4434;9651;6798;2881;
4435;9665;6731;2812;
4436;9231;6617;2940;
4437;9676;6839;3024;
4441;9223;7077;3096;
4443;7708;7123;3128;
4446;7706;7247;3210;
4448;9677;7064;3123;
4449;9678;6968;3146;
4452;9648;6506;2970;
4454;9649;6458;3017;
4455;9670;6866;3001;
4457;9679;6918;3158;
4458;9679;6936;3155;
4460;9682;7144;3277;
4461;9681;7152;3220;
4462;7707;7165;3149;
4463;7707;7177;3147;
4464;9682;7151;3272;
4465;9224;7015;3009;
4466;9232;6875;2883;
4469;9665;6714;2778;
4472;9662;6568;2717;
4477;9632;6877;2619;
4478;9628;6520;2409;
4483;9631;6802;2536;
4486;9210;6733;2428;
4492;9208;6637;2325;
4493;9207;6575;2264;
4497;9628;6528;2390;
4499;9629;6547;2433;
4512;7775;2695;2700;
4514;7775;2673;2724;
4515;7775;2688;2711;
4518;7774;2672;2755;
4564;9513;3277;2902;
4753;9177;1780;3395;
4759;9397;1787;3320;
4762;9399;1836;3281;
4763;9179;1974;3384;
4770;9400;1879;3252;
4771;9401;1947;3196;
4773;9401;1923;3213;
4776;9180;2024;3352;
4778;9403;1988;3164;
4800;7773;2679;2795;
4801;9487;2618;2813;
4802;9489;2668;2805;
4803;9488;2594;2753;
4804;9486;2632;2789;
4805;9488;2605;2746;
4806;9488;2638;2769;
4807;7775;2686;2690;
4808;9484;2645;2706;
4809;9482;2587;2661;
4810;9482;2575;2657;
4812;9484;2613;2703;
4813;9485;2574;2702;
4814;9485;2550;2705;
4815;9483;2543;2676;
4816;9482;2543;2671;
4817;7779;2538;2602;
4818;9479;2488;2609;
4819;9483;2502;2692;
4820;9479;2463;2644;
4822;9481;2445;2713;
4823;9483;2491;2700;
4826;9186;2214;2665;
4831;9458;2189;2696;
4832;9458;2180;2718;
4834;9466;2208;2774;
4835;9459;2166;2764;
4836;9467;2244;2787;
4837;9467;2244;2782;
4838;9467;2258;2780;
4840;9466;2180;2786;
4841;9467;2219;2782;
4842;9188;2168;2694;
4844;9190;2089;2783;
4845;9190;2095;2739;
4846;9459;2166;2736;
4847;9459;2162;2786;
4849;9433;2091;2815;
4850;9461;2150;2833;
4851;9465;2240;2858;
4852;9435;2088;2908;
4853;9462;2167;2895;
4854;9461;2155;2867;
4855;9434;2081;2867;
4856;9464;2182;2843;
4857;9462;2174;2877;
4858;9465;2234;2861;
4859;9465;2272;2871;
4860;9465;2260;2868;
4863;9179;2008;3424;
4867;9436;2068;2920;
4868;9436;2042;2914;
4876;9463;2201;2938;
4877;9463;2199;2919;
4878;9463;2219;2959;
4879;9463;2227;2968;
4880;9463;2223;2954;
4887;9409;2173;3153;
4890;9410;2142;3132;
4893;9411;2086;3114;
4894;9404;2017;3099;
4895;9410;2148;3141;
4896;9410;2117;3125;
4897;9411;2045;3108;
4899;9411;2082;3121;
4904;9181;2046;3344;
4912;9487;2585;2861;
4913;9487;2604;2832;
4914;9493;2566;2995;
4915;7883;2679;3003;
4916;7882;2700;2951;
4917;7882;2727;2927;
4921;9491;2659;2892;
4922;9490;2665;2863;
4923;9487;2599;2844;
4924;9490;2658;2856;
4925;9491;2656;2888;
4928;9491;2636;2926;
4932;9492;2621;2930;
4933;9493;2582;2971;
4934;9492;2609;2947;
4936;9496;2603;3040;
4937;9494;2546;3019;
4938;9494;2474;3014;
4939;9494;2491;3016;
4940;9498;2439;3049;
4941;9498;2436;3060;
5383;9498;2445;3061;
5423;9574;4470;2849;
5427;9575;4544;2872;
5445;9614;6152;2903;
5452;9577;4607;2959;
5453;9577;4605;3008;
5454;9578;4585;3074;
5455;9578;4567;3043;
5456;9578;4590;3018;
5475;6443;4572;3101;
5476;6443;4566;3149;
5477;6443;4586;3153;
5483;9595;4633;3274;
5549;9146;3198;1454;
5628;9682;7140;3298;
5867;9520;3825;2931;
5869;9521;3773;2922;
5871;9522;3697;2910;
5884;8042;3352;3117;
5886;9516;3451;2983;
5888;9504;3434;3133;
5891;9505;3479;3104;
5892;9505;3516;3111;
5894;9506;3587;3109;
5895;9506;3621;3084;
5896;9506;3629;3087;
5897;9506;3652;3076;
5899;9504;3459;3122;
5900;9505;3556;3110;
5904;9507;3745;3247;
5905;9507;3798;3252;
5907;8047;3829;3186;
5908;8049;3825;3231;
5909;8049;3835;3254;
5910;8048;3890;3265;
5912;9568;4017;3413;
5913;9568;4046;3401;
5930;9518;3551;2939;
5933;9518;3512;2951;
6023;6351;1647;3837;
6024;6351;1712;3880;
6027;6351;1717;3891;
6033;6351;1651;3883;
6067;9497;2525;3040;
6070;9496;2564;3057;
6084;9495;2627;3034;
6085;9495;2655;3021;
6086;9501;2682;3081;
6087;9501;2707;3071;
6088;9501;2718;3062;
6090;7880;2736;3229;
6093;7879;2804;3193;
6096;9500;2762;3052;
6097;9499;2818;3014;
6098;9499;2810;3035;
6100;9191;2862;2995;
6102;9191;2873;2983;
6109;7879;2804;3200;
6110;7878;2852;3180;
6112;7878;2855;3187;
6115;7877;2919;3172;
6117;7878;2913;3167;
6118;7872;2985;3013;
6123;7873;2989;3033;
6124;7872;2991;3008;
6125;7877;2962;3162;
6128;7877;2961;3156;
6130;7876;2992;3141;
6131;7876;3027;3149;
6139;7875;3032;3138;
6140;7875;3047;3124;
6141;7873;3010;3054;
6142;7875;3047;3087;
6143;7875;3049;3095;
6145;7874;3053;3075;
6148;7874;3057;3065;
6175;9503;3306;3231;
6178;8042;3350;3123;
6179;9503;3340;3215;
6180;9503;3392;3199;
6182;9503;3312;3231;
6183;9503;3353;3218;
6187;9502;3387;3199;
6188;9502;3398;3194;
6189;9502;3394;3173;
6190;9504;3396;3146;
6191;8044;3440;3184;
6192;9504;3426;3145;
6193;8044;3472;3190;
6198;8044;3472;3199;
6199;8046;3504;3272;
6200;8045;3503;3228;
6201;8045;3495;3211;
6206;8046;3511;3268;
6209;9511;3607;3272;
6210;9512;3624;3253;
6211;9511;3610;3275;
6212;9512;3652;3236;
6213;9512;3648;3241;
6214;8046;3521;3296;
6215;9511;3597;3297;
6216;9510;3635;3320;
6217;9508;3681;3302;
6218;9508;3724;3259;
6219;9510;3689;3324;
6220;9508;3705;3291;
6221;9509;3737;3274;
6222;9509;3726;3293;
6224;9507;3763;3277;
6225;9507;3779;3263;
6228;8049;3828;3262;
6238;9418;2372;3153;
6244;9418;2363;3177;
6245;9418;2383;3152;
6247;9418;2365;3171;
6248;9417;2359;3196;
6249;9417;2332;3215;
6250;9418;2401;3143;
6253;9416;2338;3228;
6254;9408;2208;3181;
6256;9416;2315;3252;
6258;9416;2308;3254;
6259;9408;2208;3189;
6260;9408;2214;3205;
6262;9415;2301;3274;
6263;9407;2212;3251;
6265;9407;2204;3224;
6267;9406;2199;3268;
6268;9406;2191;3265;
6273;9406;2162;3291;
6275;9183;2157;3317;
6276;9182;2081;3330;
6277;9412;2129;3342;
6278;9182;2086;3334;
6279;9181;2061;3346;
6280;9180;2027;3357;
6281;9180;2002;3381;
6282;9178;2021;3469;
6289;9412;2163;3352;
6291;9415;2295;3292;
6292;9415;2301;3281;
6293;9413;2202;3364;
6294;9414;2296;3307;
6298;9414;2301;3304;
6474;9526;236;1644;
6477;9525;207;1708;
6479;9526;213;1672;
6480;9526;222;1652;
6489;9526;231;1647;
6654;9590;5342;3078;
6681;9592;5458;3116;
6686;9591;5407;3111;
6689;9591;5357;3098;
6690;9591;5377;3112;
6691;9592;5463;3128;
6692;9592;5477;3136;
6704;9606;5361;3406;
6708;9584;5006;3122;
6718;9585;5068;3116;
6796;6443;4617;3103;
6797;6443;4622;3127;
6799;9581;4787;3205;
6800;9582;4836;3197;
6801;9583;4916;3180;
6802;9583;4955;3160;
6803;9579;4633;3175;
6804;9580;4744;3210;
6805;9594;4654;3249;
6806;9576;4608;2929;
6807;9577;4632;2977;
6808;9575;4561;2891;
6812;9574;4523;2841;
6822;7694;6065;2250;
6827;9624;6034;2380;
6854;9626;6512;2299;
6855;9206;6554;2250;
6860;9211;6575;2186;
6926;9214;7535;1741;
6928;9214;7541;1767;
6929;9213;7569;1782;
6930;9215;7474;1719;
6933;9212;7556;1796;
6934;9212;7558;1814;
6937;9216;7419;1724;
6946;9215;7534;1748;
6970;9730;7831;1668;
6978;9730;7822;1677;
6983;9727;7439;1921;
6984;9727;7472;1930;
6988;9729;7470;1840;
6990;9216;7413;1747;
6991;9216;7431;1724;
6992;9214;7556;1806;
6994;9728;7518;1846;
6995;9729;7455;1841;
6996;9729;7474;1843;
7000;9727;7455;1929;
7005;9724;7208;1936;
7006;9722;7093;1878;
7010;9725;7269;1875;
7012;9217;7372;2054;
7013;9708;7256;2144;
7014;9725;7255;1896;
7015;9722;7069;1838;
7020;9724;7222;1916;
7021;9723;7221;1973;
7024;9724;7220;1922;
7025;9218;7333;2005;
7026;9218;7339;2016;
7027;9217;7357;2020;
7028;9727;7437;1924;
7034;9723;7262;1990;
7038;9722;7084;1866;
7041;9219;7331;2239;
7042;9220;7292;2230;
7043;9708;7258;2159;
7044;9219;7311;2238;
7045;9221;7396;2322;
7048;9709;7238;2106;
7049;9708;7254;2151;
7052;9714;6897;1952;
7053;9716;7050;2084;
7054;9222;7319;2349;
7056;9222;7289;2337;
7057;9788;7199;2224;
7059;9714;6865;1957;
7062;9703;6789;2174;
7063;9702;6865;2204;
7067;9706;7012;2524;
7068;9641;7132;2694;
7069;9720;7136;2016;
7070;9711;7070;1998;
7071;9721;7117;1942;
7072;9722;7088;1900;
7074;9703;6838;2174;
7077;9705;7056;2495;
7079;9700;7020;2246;
7087;9712;7053;1985;
7088;9722;7065;1843;
7091;9719;7206;2066;
7092;9711;7081;2040;
7096;9641;7157;2698;
7098;9717;6969;2066;
7099;9697;7244;2362;
7100;9638;7400;2754;
7103;9718;6811;2074;
7105;9718;6863;2073;
7106;9718;6874;2070;
7107;9713;6942;1952;
7108;9713;6960;1949;
7109;9712;7011;1965;
7110;9713;6986;1967;
7111;9717;6939;2052;
7113;9717;6918;2053;
7114;9633;6644;2262;
7115;9704;7086;2424;
7116;9211;6594;2209;
7117;9633;6676;2272;
7119;9710;7182;2078;
7120;9711;7119;2057;
7123;9222;7316;2354;
7124;9704;7121;2402;
7125;9634;6691;2284;
7126;9635;6772;2312;
7127;9718;6895;2071;
7129;9707;7021;2571;
7130;9642;7114;2610;
7131;9642;7115;2612;
7132;9642;7116;2673;
7133;9698;7153;2363;
7144;9701;6939;2212;
7145;9698;7130;2330;
7146;9701;6923;2201;
7148;9788;7160;2207;
7149;9788;7192;2229;
7150;9698;7147;2336;
7151;9705;7061;2498;
7152;9788;7153;2193;
7154;9715;7090;2071;
7155;9699;7049;2284;
7158;9699;7063;2303;
7159;9703;6808;2183;
7160;9700;6966;2242;
7161;9702;6891;2207;
7163;9698;7094;2330;
7164;9701;6954;2236;
7165;9700;6983;2255;
7166;9640;7264;2752;
7167;9639;7339;2745;
7168;9640;7281;2723;
7169;9641;7173;2717;
7170;9637;7467;2806;
7171;9638;7417;2758;
7175;9640;7238;2742;
7181;9643;7437;2841;
7182;9634;6736;2294;
7185;7881;2743;2929;
7186;9499;2845;2997;
7187;9191;2869;2979;
7188;7871;2934;2958;
7189;7882;2707;2955;
7190;7871;2954;2963;
7191;7872;2971;2977;
7194;7883;2687;2994;
7218;9655;6546;2859;
7219;9652;6753;2867;
7221;9525;202;1688;
7227;9589;5268;3076;
7228;9589;5262;3068;
7229;9589;5298;3072;
7230;9587;5167;3085;
7231;9587;5187;3078;
7232;9589;5297;3078;
7235;9588;5224;3086;
7236;9588;5229;3080;
7239;9586;5129;3101;
7240;9585;5055;3110;
7241;9586;5150;3084;
7242;9586;5115;3104;
7245;9606;5339;3426;
7246;9598;4769;3587;
7247;9599;4832;3599;
7248;9600;4896;3622;
7249;9601;4965;3598;
7250;9602;5022;3582;
7251;9602;5051;3602;
7252;9597;4710;3570;
7253;9596;4682;3553;
7261;9602;5097;3588;
7262;9603;5159;3566;
7263;9606;5300;3434;
7267;9605;5257;3432;
7269;9603;5181;3554;
7270;9604;5223;3474;
7272;9603;5189;3545;
7273;9604;5207;3519;
7276;9606;5343;3415;
7278;9606;5293;3433;
7302;9667;6742;2674;
7305;9660;6602;2809;
7306;9661;6578;2760;
7307;9661;6600;2783;
7311;9636;6811;2418;
7312;9632;6848;2598;
7313;9631;6809;2537;
7315;9209;6675;2353;
7316;9635;6779;2356;
7318;9636;6827;2438;
7322;9680;7250;3224;
7323;9233;7361;3373;
7325;7784;7414;3297;
7326;7705;7321;3202;
7327;7786;7382;3167;
7328;7787;7403;3138;
7329;9691;7485;3081;
7334;7702;7516;3238;
7336;7789;7483;3121;
7337;7787;7408;3144;
7339;9683;7424;3472;
7340;9688;7406;3326;
7341;9684;7462;3553;
7342;9683;7438;3488;
7343;9234;7363;3407;
7344;9233;7365;3386;
7345;7788;7441;3119;
7348;9683;7459;3522;
7349;9685;7518;3629;
7350;9684;7491;3593;
7351;9686;7543;3705;
7352;9685;7546;3681;
7353;9687;7544;3765;
7354;9687;7552;3812;
7355;9687;7548;3803;
7358;7789;7518;3112;
7359;7791;7457;3203;
7362;9691;7480;3050;
7367;9680;7226;3206;
7369;9674;6962;3072;
7370;9224;7028;3037;
7371;9668;6952;2992;
7373;9227;6886;2923;
7374;9675;6880;3036;
7375;9651;6792;2882;
7376;9651;6804;2888;
7379;9676;6783;3031;
7380;9671;6759;2980;
7381;9230;6640;2957;
7382;9228;6831;2928;
7384;9679;6929;3192;
7394;7792;7518;3182;
7396;7793;7545;3162;
7397;7792;7517;3172;
7398;7704;7391;3206;
7399;9621;6029;3008;
7400;7707;7199;3166;
7402;9658;6372;3060;
7404;9231;6579;2943;
7405;9673;6650;3034;
7406;9673;6685;3015;
7407;9673;6658;3026;
7408;9659;6641;2861;
7409;9664;6761;2849;
7410;9653;6688;2872;
7411;9229;6781;2923;
7418;9627;6512;2336;
7419;9627;6506;2331;
7421;9630;6769;2478;
7422;9630;6790;2499;
7423;9636;6821;2429;
7424;9209;6727;2408;
7427;9629;6561;2425;
7429;9629;6533;2454;
7430;9629;6517;2434;
7435;9663;6562;2654;
7436;9663;6550;2613;
7438;9663;6546;2606;
7439;9663;6556;2636;
7440;9662;6560;2691;
7444;9660;6598;2820;
7445;9662;6570;2704;
7446;9661;6592;2773;
7447;9654;6560;2846;
7451;9707;6980;2602;
7454;9632;6891;2628;
7457;9631;6829;2562;
7458;9632;6884;2619;
7460;9666;6710;2727;
7461;9667;6734;2690;
7462;9667;6707;2698;
7469;9666;6719;2766;
7471;9665;6719;2802;
7472;9659;6670;2857;
7476;9226;6956;2936;
7477;9678;7007;3132;
7478;9673;7018;3083;
7479;9681;7168;3191;
7480;9680;7205;3200;
7481;9682;7156;3248;
7482;9676;6770;3029;
7483;9671;6808;2982;
7484;9675;6895;3046;
7485;9615;6190;2990;
7488;9678;7007;3136;
7490;7784;7456;3274;
7491;9689;7532;3291;
7492;9612;5867;2938;
7494;9688;7464;3335;
7495;9689;7507;3322;
7496;9689;7484;3325;
7497;7703;7414;3217;
7498;7704;7340;3195;
7579;9534;3333;705;
7580;9533;3360;754;
7581;9534;3328;673;
7582;9535;3323;634;
7583;9536;3348;607;
7584;9546;3624;587;
7585;9543;3500;505;
7586;9543;3481;497;
7587;9563;3809;410;
7588;9564;3862;371;
7589;9565;3918;309;
7590;9566;3948;233;
7592;9561;3730;451;
7600;9514;3303;2916;
7602;9519;3873;2947;
7608;9514;3346;2916;
7609;9517;3475;2967;
7610;9515;3403;2946;
7612;9514;3301;2922;
7613;9514;3345;2922;
7614;9515;3399;2942;
7619;9518;3555;2918;
7620;9518;3534;2953;
7623;9520;3827;2927;
7626;9521;3752;2912;
7628;9522;3712;2903;
7629;9522;3556;2920;
7630;9518;3557;2918;
7631;9522;3663;2905;
7635;9516;3411;2961;
7660;7695;6008;2305;
7668;7667;3216;1534;
7689;7677;3171;1566;
7723;7717;4306;1904;
7732;9374;1439;3089;
7738;7729;1373;3134;
7804;9413;2192;3368;
7807;9420;2231;3586;
7808;9419;2209;3587;
7820;9413;2216;3368;
7821;9414;2301;3324;
7823;9423;2299;3455;
7831;9419;2168;3574;
8091;9545;3577;616;
8106;9559;3730;180;
8107;9560;3750;138;
8109;9557;3657;101;
8110;9557;3638;120;
8112;9560;3755;124;
8113;9557;3676;86;
8251;5367;1465;1637;
8252;5367;1488;1644;
8253;5367;1457;1622;
8254;5367;1447;1614;
8255;5367;1427;1605;
8256;5367;1396;1608;
8257;5367;1378;1632;
8286;9730;7833;1654;
8419;7879;2780;3230;
8420;7880;2724;3242;
8424;6355;2708;3304;
8425;8578;2728;3302;
8426;6355;2703;3303;
8432;8575;2650;3342;
8435;8576;2609;3375;
8436;8576;2560;3367;
8439;8577;2474;3360;
8440;9425;2440;3475;
8443;8577;2479;3364;
8445;8577;2549;3370;
8446;8576;2596;3382;
8447;8572;2662;3427;
8449;8575;2664;3340;
8450;6354;2698;3400;
8451;8572;2655;3446;
8453;8579;2815;3364;
8454;8579;2752;3354;
8455;8578;2740;3353;
8456;8579;2764;3360;
8457;8579;2816;3377;
8460;8580;2851;3421;
8463;8580;2839;3455;
8464;8580;2848;3458;
8465;8581;2860;3506;
8467;8581;2870;3485;
8472;8581;2877;3542;
8488;9423;2314;3448;
8491;9423;2353;3464;
8492;9424;2374;3481;
8493;9423;2298;3461;
8494;9422;2282;3515;
8495;9422;2295;3513;
8496;9424;2365;3478;
8497;9420;2266;3574;
8498;9421;2287;3533;
8500;9424;2404;3497;
8501;9420;2251;3586;
8502;9421;2285;3563;
8503;9427;2352;3572;
8504;9428;2423;3555;
8505;9426;2311;3588;
8506;9427;2351;3583;
8507;9428;2410;3565;
8511;9427;2372;3589;
8517;8586;2299;3736;
8518;8587;2331;3734;
8520;8587;2387;3687;
8521;8588;2439;3682;
8524;9428;2424;3559;
8525;9428;2463;3578;
8529;9425;2427;3484;
8532;9425;2464;3471;
8533;9425;2463;3473;
8536;9428;2435;3558;
8539;9428;2466;3578;
8540;8589;2556;3643;
8541;8574;2628;3599;
8544;8574;2634;3567;
8546;8573;2641;3531;
8548;8573;2647;3491;
8549;8572;2638;3471;
8551;8582;3518;3332;
8552;8582;3511;3314;
8553;8583;3451;3361;
8557;8584;3360;3340;
8559;8584;3336;3355;
8563;8585;3239;3417;
8623;9566;3940;247;
8625;9559;3694;226;
8627;9559;3736;181;
8630;9560;3756;150;
8642;9566;3957;211;
8644;9567;3984;195;
8647;9567;3993;162;
8723;9555;3602;179;
8724;9556;3608;151;
8725;9556;3623;129;
8939;9569;3999;3457;
8940;9570;3991;3480;
8941;9570;3997;3501;
8943;9571;3985;3542;
8960;9510;3672;3333;
8961;9510;3632;3335;
8962;9195;3581;3342;
8963;8046;3542;3320;
8964;8582;3527;3366;
8965;9196;3584;3376;
8969;9196;3586;3400;
8970;9596;4679;3571;
8971;9598;4742;3595;
8973;9598;4779;3615;
8974;9599;4846;3616;
8975;9600;4916;3631;
8976;9601;4984;3602;
9046;9192;3194;3443;
9055;9192;3178;3466;
9057;9193;3177;3524;
9058;9193;3189;3505;
9059;9192;3189;3473;
9060;8585;3238;3435;
9063;8585;3271;3395;
9067;8584;3305;3376;
9070;8584;3357;3357;
9071;8583;3418;3366;
9072;8582;3483;3377;
9076;9196;3581;3410;
9080;9197;3582;3450;
9081;9197;3591;3428;
9084;9197;3584;3470;
9085;9198;3579;3516;
9088;9198;3600;3492;
9093;9198;3597;3544;
9103;9571;3938;3569;
9104;9572;3893;3612;
9105;9571;3974;3555;
9106;9572;3917;3600;
9111;9572;3886;3649;
9112;9573;3876;3663;
9114;9573;3924;3729;
9121;8573;2657;3496;
9126;8574;2647;3549;
9128;8574;2639;3569;
9130;8574;2661;3622;
9132;8581;2857;3609;
9236;9584;5000;3131;
9237;9583;4910;3195;
9238;9581;4826;3202;
9239;9581;4766;3220;
9240;9593;4694;3228;
9243;9595;4641;3274;
9245;9637;7453;2791;
9247;9644;7390;2797;
9248;9644;7390;2793;
9249;9638;7443;2790;
9251;9645;7329;2823;
9252;9645;7346;2813;
9253;9646;7304;2848;
9254;9646;7277;2860;
9255;9646;7272;2903;
9256;9646;7275;2885;
9258;9201;5922;2788;
9262;9202;6063;2719;
9263;9203;6087;2778;
9264;9204;6115;2818;
9265;9204;6129;2846;
9278;9617;6008;2799;
9282;9615;6162;2972;

end,end,-1,-1,